Country Name,Country Code,rural_pop_percent_17,food_production_index_17,ag_land_area_17,arable_land_percent_2017,net_migration_2017,hiv_prevalence_2017,mat_mortality_ratio_2017,under5_mortality_ratio_2017,tubercul_incidence_2017,elec_access_2017,ren_energy_percent_2017,ffuel_energy_percent_2017,co2_emissions_2017,pop_air_pollution_2017,foreign_dir_inv_2017,atm_access_2017,adol_fertility_rate_2017,fem_labor_part_rate_2017,male_labor_part_rate_2017,fertility_rate_2017,dpt_immuniz_rate_2017,undernourished_rate_2017,cell_subscriptions_per100,internet_per_mil_2017,military_exp_2017,women_seats_percent_2017,male_bus_start_2017,female_bus_start_2017,patent_apps_2017,sci_articles_2017,pop_density_2017
Aruba,ABW,56.707,56.707,56.707,56.707,56.707,56.707,56.707,56.707,56.707,56.707,56.707,56.707,56.707,56.707,56.707,56.707,56.707,56.707,56.707,56.707,56.707,56.707,56.707,56.707,56.707,56.707,56.707,56.707,56.707,56.707,56.707
Africa Eastern and Southern,AFE,64.667627399344,64.667627399344,64.667627399344,64.667627399344,64.667627399344,64.667627399344,64.667627399344,64.667627399344,64.667627399344,64.667627399344,64.667627399344,64.667627399344,64.667627399344,64.667627399344,64.667627399344,64.667627399344,64.667627399344,64.667627399344,64.667627399344,64.667627399344,64.667627399344,64.667627399344,64.667627399344,64.667627399344,64.667627399344,64.667627399344,64.667627399344,64.667627399344,64.667627399344,64.667627399344,64.667627399344
Afghanistan,AFG,74.75,74.75,74.75,74.75,74.75,74.75,74.75,74.75,74.75,74.75,74.75,74.75,74.75,74.75,74.75,74.75,74.75,74.75,74.75,74.75,74.75,74.75,74.75,74.75,74.75,74.75,74.75,74.75,74.75,74.75,74.75
Africa Western and Central,AFW,53.9806664573227,53.9806664573227,53.9806664573227,53.9806664573227,53.9806664573227,53.9806664573227,53.9806664573227,53.9806664573227,53.9806664573227,53.9806664573227,53.9806664573227,53.9806664573227,53.9806664573227,53.9806664573227,53.9806664573227,53.9806664573227,53.9806664573227,53.9806664573227,53.9806664573227,53.9806664573227,53.9806664573227,53.9806664573227,53.9806664573227,53.9806664573227,53.9806664573227,53.9806664573227,53.9806664573227,53.9806664573227,53.9806664573227,53.9806664573227,53.9806664573227
Angola,AGO,35.161,35.161,35.161,35.161,35.161,35.161,35.161,35.161,35.161,35.161,35.161,35.161,35.161,35.161,35.161,35.161,35.161,35.161,35.161,35.161,35.161,35.161,35.161,35.161,35.161,35.161,35.161,35.161,35.161,35.161,35.161
Albania,ALB,40.617,40.617,40.617,40.617,40.617,40.617,40.617,40.617,40.617,40.617,40.617,40.617,40.617,40.617,40.617,40.617,40.617,40.617,40.617,40.617,40.617,40.617,40.617,40.617,40.617,40.617,40.617,40.617,40.617,40.617,40.617
Andorra,AND,11.85,11.85,11.85,11.85,11.85,11.85,11.85,11.85,11.85,11.85,11.85,11.85,11.85,11.85,11.85,11.85,11.85,11.85,11.85,11.85,11.85,11.85,11.85,11.85,11.85,11.85,11.85,11.85,11.85,11.85,11.85
Arab World,ARB,41.3576776470594,41.3576776470594,41.3576776470594,41.3576776470594,41.3576776470594,41.3576776470594,41.3576776470594,41.3576776470594,41.3576776470594,41.3576776470594,41.3576776470594,41.3576776470594,41.3576776470594,41.3576776470594,41.3576776470594,41.3576776470594,41.3576776470594,41.3576776470594,41.3576776470594,41.3576776470594,41.3576776470594,41.3576776470594,41.3576776470594,41.3576776470594,41.3576776470594,41.3576776470594,41.3576776470594,41.3576776470594,41.3576776470594,41.3576776470594,41.3576776470594
United Arab Emirates,ARE,13.752,13.752,13.752,13.752,13.752,13.752,13.752,13.752,13.752,13.752,13.752,13.752,13.752,13.752,13.752,13.752,13.752,13.752,13.752,13.752,13.752,13.752,13.752,13.752,13.752,13.752,13.752,13.752,13.752,13.752,13.752
Argentina,ARG,8.251,8.251,8.251,8.251,8.251,8.251,8.251,8.251,8.251,8.251,8.251,8.251,8.251,8.251,8.251,8.251,8.251,8.251,8.251,8.251,8.251,8.251,8.251,8.251,8.251,8.251,8.251,8.251,8.251,8.251,8.251
Armenia,ARM,36.897,36.897,36.897,36.897,36.897,36.897,36.897,36.897,36.897,36.897,36.897,36.897,36.897,36.897,36.897,36.897,36.897,36.897,36.897,36.897,36.897,36.897,36.897,36.897,36.897,36.897,36.897,36.897,36.897,36.897,36.897
American Samoa,ASM,12.83,12.83,12.83,12.83,12.83,12.83,12.83,12.83,12.83,12.83,12.83,12.83,12.83,12.83,12.83,12.83,12.83,12.83,12.83,12.83,12.83,12.83,12.83,12.83,12.83,12.83,12.83,12.83,12.83,12.83,12.83
Antigua and Barbuda,ATG,75.287,75.287,75.287,75.287,75.287,75.287,75.287,75.287,75.287,75.287,75.287,75.287,75.287,75.287,75.287,75.287,75.287,75.287,75.287,75.287,75.287,75.287,75.287,75.287,75.287,75.287,75.287,75.287,75.287,75.287,75.287
Australia,AUS,14.096,14.096,14.096,14.096,14.096,14.096,14.096,14.096,14.096,14.096,14.096,14.096,14.096,14.096,14.096,14.096,14.096,14.096,14.096,14.096,14.096,14.096,14.096,14.096,14.096,14.096,14.096,14.096,14.096,14.096,14.096
Austria,AUT,41.906,41.906,41.906,41.906,41.906,41.906,41.906,41.906,41.906,41.906,41.906,41.906,41.906,41.906,41.906,41.906,41.906,41.906,41.906,41.906,41.906,41.906,41.906,41.906,41.906,41.906,41.906,41.906,41.906,41.906,41.906
Azerbaijan,AZE,44.657,44.657,44.657,44.657,44.657,44.657,44.657,44.657,44.657,44.657,44.657,44.657,44.657,44.657,44.657,44.657,44.657,44.657,44.657,44.657,44.657,44.657,44.657,44.657,44.657,44.657,44.657,44.657,44.657,44.657,44.657
Burundi,BDI,87.294,87.294,87.294,87.294,87.294,87.294,87.294,87.294,87.294,87.294,87.294,87.294,87.294,87.294,87.294,87.294,87.294,87.294,87.294,87.294,87.294,87.294,87.294,87.294,87.294,87.294,87.294,87.294,87.294,87.294,87.294
Belgium,BEL,2.039,2.039,2.039,2.039,2.039,2.039,2.039,2.039,2.039,2.039,2.039,2.039,2.039,2.039,2.039,2.039,2.039,2.039,2.039,2.039,2.039,2.039,2.039,2.039,2.039,2.039,2.039,2.039,2.039,2.039,2.039
Benin,BEN,53.232,53.232,53.232,53.232,53.232,53.232,53.232,53.232,53.232,53.232,53.232,53.232,53.232,53.232,53.232,53.232,53.232,53.232,53.232,53.232,53.232,53.232,53.232,53.232,53.232,53.232,53.232,53.232,53.232,53.232,53.232
Burkina Faso,BFA,71.257,71.257,71.257,71.257,71.257,71.257,71.257,71.257,71.257,71.257,71.257,71.257,71.257,71.257,71.257,71.257,71.257,71.257,71.257,71.257,71.257,71.257,71.257,71.257,71.257,71.257,71.257,71.257,71.257,71.257,71.257
Bangladesh,BGD,64.142,64.142,64.142,64.142,64.142,64.142,64.142,64.142,64.142,64.142,64.142,64.142,64.142,64.142,64.142,64.142,64.142,64.142,64.142,64.142,64.142,64.142,64.142,64.142,64.142,64.142,64.142,64.142,64.142,64.142,64.142
Bulgaria,BGR,25.331,25.331,25.331,25.331,25.331,25.331,25.331,25.331,25.331,25.331,25.331,25.331,25.331,25.331,25.331,25.331,25.331,25.331,25.331,25.331,25.331,25.331,25.331,25.331,25.331,25.331,25.331,25.331,25.331,25.331,25.331
Bahrain,BHR,10.814,10.814,10.814,10.814,10.814,10.814,10.814,10.814,10.814,10.814,10.814,10.814,10.814,10.814,10.814,10.814,10.814,10.814,10.814,10.814,10.814,10.814,10.814,10.814,10.814,10.814,10.814,10.814,10.814,10.814,10.814
"Bahamas, The",BHS,17.075,17.075,17.075,17.075,17.075,17.075,17.075,17.075,17.075,17.075,17.075,17.075,17.075,17.075,17.075,17.075,17.075,17.075,17.075,17.075,17.075,17.075,17.075,17.075,17.075,17.075,17.075,17.075,17.075,17.075,17.075
Bosnia and Herzegovina,BIH,52.124,52.124,52.124,52.124,52.124,52.124,52.124,52.124,52.124,52.124,52.124,52.124,52.124,52.124,52.124,52.124,52.124,52.124,52.124,52.124,52.124,52.124,52.124,52.124,52.124,52.124,52.124,52.124,52.124,52.124,52.124
Belarus,BLR,21.866,21.866,21.866,21.866,21.866,21.866,21.866,21.866,21.866,21.866,21.866,21.866,21.866,21.866,21.866,21.866,21.866,21.866,21.866,21.866,21.866,21.866,21.866,21.866,21.866,21.866,21.866,21.866,21.866,21.866,21.866
Belize,BLZ,54.399,54.399,54.399,54.399,54.399,54.399,54.399,54.399,54.399,54.399,54.399,54.399,54.399,54.399,54.399,54.399,54.399,54.399,54.399,54.399,54.399,54.399,54.399,54.399,54.399,54.399,54.399,54.399,54.399,54.399,54.399
Bermuda,BMU,0.0,0.0,0.0,0.0,0.0,0.0,0.0,0.0,0.0,0.0,0.0,0.0,0.0,0.0,0.0,0.0,0.0,0.0,0.0,0.0,0.0,0.0,0.0,0.0,0.0,0.0,0.0,0.0,0.0,0.0,0.0
Bolivia,BOL,30.92,30.92,30.92,30.92,30.92,30.92,30.92,30.92,30.92,30.92,30.92,30.92,30.92,30.92,30.92,30.92,30.92,30.92,30.92,30.92,30.92,30.92,30.92,30.92,30.92,30.92,30.92,30.92,30.92,30.92,30.92
Brazil,BRA,13.691,13.691,13.691,13.691,13.691,13.691,13.691,13.691,13.691,13.691,13.691,13.691,13.691,13.691,13.691,13.691,13.691,13.691,13.691,13.691,13.691,13.691,13.691,13.691,13.691,13.691,13.691,13.691,13.691,13.691,13.691
Barbados,BRB,68.841,68.841,68.841,68.841,68.841,68.841,68.841,68.841,68.841,68.841,68.841,68.841,68.841,68.841,68.841,68.841,68.841,68.841,68.841,68.841,68.841,68.841,68.841,68.841,68.841,68.841,68.841,68.841,68.841,68.841,68.841
Brunei Darussalam,BRN,22.688,22.688,22.688,22.688,22.688,22.688,22.688,22.688,22.688,22.688,22.688,22.688,22.688,22.688,22.688,22.688,22.688,22.688,22.688,22.688,22.688,22.688,22.688,22.688,22.688,22.688,22.688,22.688,22.688,22.688,22.688
Bhutan,BTN,59.833,59.833,59.833,59.833,59.833,59.833,59.833,59.833,59.833,59.833,59.833,59.833,59.833,59.833,59.833,59.833,59.833,59.833,59.833,59.833,59.833,59.833,59.833,59.833,59.833,59.833,59.833,59.833,59.833,59.833,59.833
Botswana,BWA,31.3,31.3,31.3,31.3,31.3,31.3,31.3,31.3,31.3,31.3,31.3,31.3,31.3,31.3,31.3,31.3,31.3,31.3,31.3,31.3,31.3,31.3,31.3,31.3,31.3,31.3,31.3,31.3,31.3,31.3,31.3
Central African Republic,CAF,59.02,59.02,59.02,59.02,59.02,59.02,59.02,59.02,59.02,59.02,59.02,59.02,59.02,59.02,59.02,59.02,59.02,59.02,59.02,59.02,59.02,59.02,59.02,59.02,59.02,59.02,59.02,59.02,59.02,59.02,59.02
Canada,CAN,18.65,18.65,18.65,18.65,18.65,18.65,18.65,18.65,18.65,18.65,18.65,18.65,18.65,18.65,18.65,18.65,18.65,18.65,18.65,18.65,18.65,18.65,18.65,18.65,18.65,18.65,18.65,18.65,18.65,18.65,18.65
Central Europe and the Baltics,CEB,37.7515452707365,37.7515452707365,37.7515452707365,37.7515452707365,37.7515452707365,37.7515452707365,37.7515452707365,37.7515452707365,37.7515452707365,37.7515452707365,37.7515452707365,37.7515452707365,37.7515452707365,37.7515452707365,37.7515452707365,37.7515452707365,37.7515452707365,37.7515452707365,37.7515452707365,37.7515452707365,37.7515452707365,37.7515452707365,37.7515452707365,37.7515452707365,37.7515452707365,37.7515452707365,37.7515452707365,37.7515452707365,37.7515452707365,37.7515452707365,37.7515452707365
Switzerland,CHE,26.239,26.239,26.239,26.239,26.239,26.239,26.239,26.239,26.239,26.239,26.239,26.239,26.239,26.239,26.239,26.239,26.239,26.239,26.239,26.239,26.239,26.239,26.239,26.239,26.239,26.239,26.239,26.239,26.239,26.239,26.239
Channel Islands,CHI,69.086,69.086,69.086,69.086,69.086,69.086,69.086,69.086,69.086,69.086,69.086,69.086,69.086,69.086,69.086,69.086,69.086,69.086,69.086,69.086,69.086,69.086,69.086,69.086,69.086,69.086,69.086,69.086,69.086,69.086,69.086
Chile,CHL,12.51,12.51,12.51,12.51,12.51,12.51,12.51,12.51,12.51,12.51,12.51,12.51,12.51,12.51,12.51,12.51,12.51,12.51,12.51,12.51,12.51,12.51,12.51,12.51,12.51,12.51,12.51,12.51,12.51,12.51,12.51
China,CHN,42.04,42.04,42.04,42.04,42.04,42.04,42.04,42.04,42.04,42.04,42.04,42.04,42.04,42.04,42.04,42.04,42.04,42.04,42.04,42.04,42.04,42.04,42.04,42.04,42.04,42.04,42.04,42.04,42.04,42.04,42.04
Cote d'Ivoire,CIV,49.674,49.674,49.674,49.674,49.674,49.674,49.674,49.674,49.674,49.674,49.674,49.674,49.674,49.674,49.674,49.674,49.674,49.674,49.674,49.674,49.674,49.674,49.674,49.674,49.674,49.674,49.674,49.674,49.674,49.674,49.674
Cameroon,CMR,44.223,44.223,44.223,44.223,44.223,44.223,44.223,44.223,44.223,44.223,44.223,44.223,44.223,44.223,44.223,44.223,44.223,44.223,44.223,44.223,44.223,44.223,44.223,44.223,44.223,44.223,44.223,44.223,44.223,44.223,44.223
"Congo, Dem. Rep.",COD,56.12,56.12,56.12,56.12,56.12,56.12,56.12,56.12,56.12,56.12,56.12,56.12,56.12,56.12,56.12,56.12,56.12,56.12,56.12,56.12,56.12,56.12,56.12,56.12,56.12,56.12,56.12,56.12,56.12,56.12,56.12
"Congo, Rep.",COG,33.541,33.541,33.541,33.541,33.541,33.541,33.541,33.541,33.541,33.541,33.541,33.541,33.541,33.541,33.541,33.541,33.541,33.541,33.541,33.541,33.541,33.541,33.541,33.541,33.541,33.541,33.541,33.541,33.541,33.541,33.541
Colombia,COL,19.554,19.554,19.554,19.554,19.554,19.554,19.554,19.554,19.554,19.554,19.554,19.554,19.554,19.554,19.554,19.554,19.554,19.554,19.554,19.554,19.554,19.554,19.554,19.554,19.554,19.554,19.554,19.554,19.554,19.554,19.554
Comoros,COM,71.216,71.216,71.216,71.216,71.216,71.216,71.216,71.216,71.216,71.216,71.216,71.216,71.216,71.216,71.216,71.216,71.216,71.216,71.216,71.216,71.216,71.216,71.216,71.216,71.216,71.216,71.216,71.216,71.216,71.216,71.216
Cabo Verde,CPV,34.739,34.739,34.739,34.739,34.739,34.739,34.739,34.739,34.739,34.739,34.739,34.739,34.739,34.739,34.739,34.739,34.739,34.739,34.739,34.739,34.739,34.739,34.739,34.739,34.739,34.739,34.739,34.739,34.739,34.739,34.739
Costa Rica,CRI,21.44,21.44,21.44,21.44,21.44,21.44,21.44,21.44,21.44,21.44,21.44,21.44,21.44,21.44,21.44,21.44,21.44,21.44,21.44,21.44,21.44,21.44,21.44,21.44,21.44,21.44,21.44,21.44,21.44,21.44,21.44
Caribbean small states,CSS,48.9553767414322,48.9553767414322,48.9553767414322,48.9553767414322,48.9553767414322,48.9553767414322,48.9553767414322,48.9553767414322,48.9553767414322,48.9553767414322,48.9553767414322,48.9553767414322,48.9553767414322,48.9553767414322,48.9553767414322,48.9553767414322,48.9553767414322,48.9553767414322,48.9553767414322,48.9553767414322,48.9553767414322,48.9553767414322,48.9553767414322,48.9553767414322,48.9553767414322,48.9553767414322,48.9553767414322,48.9553767414322,48.9553767414322,48.9553767414322,48.9553767414322
Cuba,CUB,23.023,23.023,23.023,23.023,23.023,23.023,23.023,23.023,23.023,23.023,23.023,23.023,23.023,23.023,23.023,23.023,23.023,23.023,23.023,23.023,23.023,23.023,23.023,23.023,23.023,23.023,23.023,23.023,23.023,23.023,23.023
Curacao,CUW,10.797,10.797,10.797,10.797,10.797,10.797,10.797,10.797,10.797,10.797,10.797,10.797,10.797,10.797,10.797,10.797,10.797,10.797,10.797,10.797,10.797,10.797,10.797,10.797,10.797,10.797,10.797,10.797,10.797,10.797,10.797
Cayman Islands,CYM,0.0,0.0,0.0,0.0,0.0,0.0,0.0,0.0,0.0,0.0,0.0,0.0,0.0,0.0,0.0,0.0,0.0,0.0,0.0,0.0,0.0,0.0,0.0,0.0,0.0,0.0,0.0,0.0,0.0,0.0,0.0
Cyprus,CYP,33.164,33.164,33.164,33.164,33.164,33.164,33.164,33.164,33.164,33.164,33.164,33.164,33.164,33.164,33.164,33.164,33.164,33.164,33.164,33.164,33.164,33.164,33.164,33.164,33.164,33.164,33.164,33.164,33.164,33.164,33.164
Czech Republic,CZE,26.325,26.325,26.325,26.325,26.325,26.325,26.325,26.325,26.325,26.325,26.325,26.325,26.325,26.325,26.325,26.325,26.325,26.325,26.325,26.325,26.325,26.325,26.325,26.325,26.325,26.325,26.325,26.325,26.325,26.325,26.325
Germany,DEU,22.739,22.739,22.739,22.739,22.739,22.739,22.739,22.739,22.739,22.739,22.739,22.739,22.739,22.739,22.739,22.739,22.739,22.739,22.739,22.739,22.739,22.739,22.739,22.739,22.739,22.739,22.739,22.739,22.739,22.739,22.739
Djibouti,DJI,22.352,22.352,22.352,22.352,22.352,22.352,22.352,22.352,22.352,22.352,22.352,22.352,22.352,22.352,22.352,22.352,22.352,22.352,22.352,22.352,22.352,22.352,22.352,22.352,22.352,22.352,22.352,22.352,22.352,22.352,22.352
Dominica,DMA,29.819,29.819,29.819,29.819,29.819,29.819,29.819,29.819,29.819,29.819,29.819,29.819,29.819,29.819,29.819,29.819,29.819,29.819,29.819,29.819,29.819,29.819,29.819,29.819,29.819,29.819,29.819,29.819,29.819,29.819,29.819
Denmark,DNK,12.243,12.243,12.243,12.243,12.243,12.243,12.243,12.243,12.243,12.243,12.243,12.243,12.243,12.243,12.243,12.243,12.243,12.243,12.243,12.243,12.243,12.243,12.243,12.243,12.243,12.243,12.243,12.243,12.243,12.243,12.243
Dominican Republic,DOM,19.723,19.723,19.723,19.723,19.723,19.723,19.723,19.723,19.723,19.723,19.723,19.723,19.723,19.723,19.723,19.723,19.723,19.723,19.723,19.723,19.723,19.723,19.723,19.723,19.723,19.723,19.723,19.723,19.723,19.723,19.723
Algeria,DZA,27.948,27.948,27.948,27.948,27.948,27.948,27.948,27.948,27.948,27.948,27.948,27.948,27.948,27.948,27.948,27.948,27.948,27.948,27.948,27.948,27.948,27.948,27.948,27.948,27.948,27.948,27.948,27.948,27.948,27.948,27.948
East Asia & Pacific (excluding high income),EAP,45.3150242739956,45.3150242739956,45.3150242739956,45.3150242739956,45.3150242739956,45.3150242739956,45.3150242739956,45.3150242739956,45.3150242739956,45.3150242739956,45.3150242739956,45.3150242739956,45.3150242739956,45.3150242739956,45.3150242739956,45.3150242739956,45.3150242739956,45.3150242739956,45.3150242739956,45.3150242739956,45.3150242739956,45.3150242739956,45.3150242739956,45.3150242739956,45.3150242739956,45.3150242739956,45.3150242739956,45.3150242739956,45.3150242739956,45.3150242739956,45.3150242739956
Early-demographic dividend,EAR,55.2741017528327,55.2741017528327,55.2741017528327,55.2741017528327,55.2741017528327,55.2741017528327,55.2741017528327,55.2741017528327,55.2741017528327,55.2741017528327,55.2741017528327,55.2741017528327,55.2741017528327,55.2741017528327,55.2741017528327,55.2741017528327,55.2741017528327,55.2741017528327,55.2741017528327,55.2741017528327,55.2741017528327,55.2741017528327,55.2741017528327,55.2741017528327,55.2741017528327,55.2741017528327,55.2741017528327,55.2741017528327,55.2741017528327,55.2741017528327,55.2741017528327
East Asia & Pacific,EAS,41.8026869250282,41.8026869250282,41.8026869250282,41.8026869250282,41.8026869250282,41.8026869250282,41.8026869250282,41.8026869250282,41.8026869250282,41.8026869250282,41.8026869250282,41.8026869250282,41.8026869250282,41.8026869250282,41.8026869250282,41.8026869250282,41.8026869250282,41.8026869250282,41.8026869250282,41.8026869250282,41.8026869250282,41.8026869250282,41.8026869250282,41.8026869250282,41.8026869250282,41.8026869250282,41.8026869250282,41.8026869250282,41.8026869250282,41.8026869250282,41.8026869250282
Europe & Central Asia (excluding high income),ECA,32.5439236691526,32.5439236691526,32.5439236691526,32.5439236691526,32.5439236691526,32.5439236691526,32.5439236691526,32.5439236691526,32.5439236691526,32.5439236691526,32.5439236691526,32.5439236691526,32.5439236691526,32.5439236691526,32.5439236691526,32.5439236691526,32.5439236691526,32.5439236691526,32.5439236691526,32.5439236691526,32.5439236691526,32.5439236691526,32.5439236691526,32.5439236691526,32.5439236691526,32.5439236691526,32.5439236691526,32.5439236691526,32.5439236691526,32.5439236691526,32.5439236691526
Europe & Central Asia,ECS,27.9829858002419,27.9829858002419,27.9829858002419,27.9829858002419,27.9829858002419,27.9829858002419,27.9829858002419,27.9829858002419,27.9829858002419,27.9829858002419,27.9829858002419,27.9829858002419,27.9829858002419,27.9829858002419,27.9829858002419,27.9829858002419,27.9829858002419,27.9829858002419,27.9829858002419,27.9829858002419,27.9829858002419,27.9829858002419,27.9829858002419,27.9829858002419,27.9829858002419,27.9829858002419,27.9829858002419,27.9829858002419,27.9829858002419,27.9829858002419,27.9829858002419
Ecuador,ECU,36.33,36.33,36.33,36.33,36.33,36.33,36.33,36.33,36.33,36.33,36.33,36.33,36.33,36.33,36.33,36.33,36.33,36.33,36.33,36.33,36.33,36.33,36.33,36.33,36.33,36.33,36.33,36.33,36.33,36.33,36.33
"Egypt, Arab Rep.",EGY,57.295,57.295,57.295,57.295,57.295,57.295,57.295,57.295,57.295,57.295,57.295,57.295,57.295,57.295,57.295,57.295,57.295,57.295,57.295,57.295,57.295,57.295,57.295,57.295,57.295,57.295,57.295,57.295,57.295,57.295,57.295
Euro area,EMU,23.2295528437524,23.2295528437524,23.2295528437524,23.2295528437524,23.2295528437524,23.2295528437524,23.2295528437524,23.2295528437524,23.2295528437524,23.2295528437524,23.2295528437524,23.2295528437524,23.2295528437524,23.2295528437524,23.2295528437524,23.2295528437524,23.2295528437524,23.2295528437524,23.2295528437524,23.2295528437524,23.2295528437524,23.2295528437524,23.2295528437524,23.2295528437524,23.2295528437524,23.2295528437524,23.2295528437524,23.2295528437524,23.2295528437524,23.2295528437524,23.2295528437524
Eritrea,ERI,,,,,,,,,,,,,,,,,,,,,,,,,,,,,,,
Spain,ESP,19.92,19.92,19.92,19.92,19.92,19.92,19.92,19.92,19.92,19.92,19.92,19.92,19.92,19.92,19.92,19.92,19.92,19.92,19.92,19.92,19.92,19.92,19.92,19.92,19.92,19.92,19.92,19.92,19.92,19.92,19.92
Estonia,EST,31.283,31.283,31.283,31.283,31.283,31.283,31.283,31.283,31.283,31.283,31.283,31.283,31.283,31.283,31.283,31.283,31.283,31.283,31.283,31.283,31.283,31.283,31.283,31.283,31.283,31.283,31.283,31.283,31.283,31.283,31.283
Ethiopia,ETH,79.69,79.69,79.69,79.69,79.69,79.69,79.69,79.69,79.69,79.69,79.69,79.69,79.69,79.69,79.69,79.69,79.69,79.69,79.69,79.69,79.69,79.69,79.69,79.69,79.69,79.69,79.69,79.69,79.69,79.69,79.69
European Union,EUU,25.6924904552166,25.6924904552166,25.6924904552166,25.6924904552166,25.6924904552166,25.6924904552166,25.6924904552166,25.6924904552166,25.6924904552166,25.6924904552166,25.6924904552166,25.6924904552166,25.6924904552166,25.6924904552166,25.6924904552166,25.6924904552166,25.6924904552166,25.6924904552166,25.6924904552166,25.6924904552166,25.6924904552166,25.6924904552166,25.6924904552166,25.6924904552166,25.6924904552166,25.6924904552166,25.6924904552166,25.6924904552166,25.6924904552166,25.6924904552166,25.6924904552166
Fragile and conflict affected situations,FCS,58.6397043672664,58.6397043672664,58.6397043672664,58.6397043672664,58.6397043672664,58.6397043672664,58.6397043672664,58.6397043672664,58.6397043672664,58.6397043672664,58.6397043672664,58.6397043672664,58.6397043672664,58.6397043672664,58.6397043672664,58.6397043672664,58.6397043672664,58.6397043672664,58.6397043672664,58.6397043672664,58.6397043672664,58.6397043672664,58.6397043672664,58.6397043672664,58.6397043672664,58.6397043672664,58.6397043672664,58.6397043672664,58.6397043672664,58.6397043672664,58.6397043672664
Finland,FIN,14.675,14.675,14.675,14.675,14.675,14.675,14.675,14.675,14.675,14.675,14.675,14.675,14.675,14.675,14.675,14.675,14.675,14.675,14.675,14.675,14.675,14.675,14.675,14.675,14.675,14.675,14.675,14.675,14.675,14.675,14.675
Fiji,FJI,44.258,44.258,44.258,44.258,44.258,44.258,44.258,44.258,44.258,44.258,44.258,44.258,44.258,44.258,44.258,44.258,44.258,44.258,44.258,44.258,44.258,44.258,44.258,44.258,44.258,44.258,44.258,44.258,44.258,44.258,44.258
France,FRA,19.82,19.82,19.82,19.82,19.82,19.82,19.82,19.82,19.82,19.82,19.82,19.82,19.82,19.82,19.82,19.82,19.82,19.82,19.82,19.82,19.82,19.82,19.82,19.82,19.82,19.82,19.82,19.82,19.82,19.82,19.82
Faroe Islands,FRO,58.086,58.086,58.086,58.086,58.086,58.086,58.086,58.086,58.086,58.086,58.086,58.086,58.086,58.086,58.086,58.086,58.086,58.086,58.086,58.086,58.086,58.086,58.086,58.086,58.086,58.086,58.086,58.086,58.086,58.086,58.086
"Micronesia, Fed. Sts.",FSM,77.392,77.392,77.392,77.392,77.392,77.392,77.392,77.392,77.392,77.392,77.392,77.392,77.392,77.392,77.392,77.392,77.392,77.392,77.392,77.392,77.392,77.392,77.392,77.392,77.392,77.392,77.392,77.392,77.392,77.392,77.392
Gabon,GAB,11.024,11.024,11.024,11.024,11.024,11.024,11.024,11.024,11.024,11.024,11.024,11.024,11.024,11.024,11.024,11.024,11.024,11.024,11.024,11.024,11.024,11.024,11.024,11.024,11.024,11.024,11.024,11.024,11.024,11.024,11.024
United Kingdom,GBR,16.857,16.857,16.857,16.857,16.857,16.857,16.857,16.857,16.857,16.857,16.857,16.857,16.857,16.857,16.857,16.857,16.857,16.857,16.857,16.857,16.857,16.857,16.857,16.857,16.857,16.857,16.857,16.857,16.857,16.857,16.857
Georgia,GEO,41.769,41.769,41.769,41.769,41.769,41.769,41.769,41.769,41.769,41.769,41.769,41.769,41.769,41.769,41.769,41.769,41.769,41.769,41.769,41.769,41.769,41.769,41.769,41.769,41.769,41.769,41.769,41.769,41.769,41.769,41.769
Ghana,GHA,44.593,44.593,44.593,44.593,44.593,44.593,44.593,44.593,44.593,44.593,44.593,44.593,44.593,44.593,44.593,44.593,44.593,44.593,44.593,44.593,44.593,44.593,44.593,44.593,44.593,44.593,44.593,44.593,44.593,44.593,44.593
Gibraltar,GIB,0.0,0.0,0.0,0.0,0.0,0.0,0.0,0.0,0.0,0.0,0.0,0.0,0.0,0.0,0.0,0.0,0.0,0.0,0.0,0.0,0.0,0.0,0.0,0.0,0.0,0.0,0.0,0.0,0.0,0.0,0.0
Guinea,GIN,64.207,64.207,64.207,64.207,64.207,64.207,64.207,64.207,64.207,64.207,64.207,64.207,64.207,64.207,64.207,64.207,64.207,64.207,64.207,64.207,64.207,64.207,64.207,64.207,64.207,64.207,64.207,64.207,64.207,64.207,64.207
"Gambia, The",GMB,39.401,39.401,39.401,39.401,39.401,39.401,39.401,39.401,39.401,39.401,39.401,39.401,39.401,39.401,39.401,39.401,39.401,39.401,39.401,39.401,39.401,39.401,39.401,39.401,39.401,39.401,39.401,39.401,39.401,39.401,39.401
Guinea-Bissau,GNB,57.055,57.055,57.055,57.055,57.055,57.055,57.055,57.055,57.055,57.055,57.055,57.055,57.055,57.055,57.055,57.055,57.055,57.055,57.055,57.055,57.055,57.055,57.055,57.055,57.055,57.055,57.055,57.055,57.055,57.055,57.055
Equatorial Guinea,GNQ,28.354,28.354,28.354,28.354,28.354,28.354,28.354,28.354,28.354,28.354,28.354,28.354,28.354,28.354,28.354,28.354,28.354,28.354,28.354,28.354,28.354,28.354,28.354,28.354,28.354,28.354,28.354,28.354,28.354,28.354,28.354
Greece,GRC,21.276,21.276,21.276,21.276,21.276,21.276,21.276,21.276,21.276,21.276,21.276,21.276,21.276,21.276,21.276,21.276,21.276,21.276,21.276,21.276,21.276,21.276,21.276,21.276,21.276,21.276,21.276,21.276,21.276,21.276,21.276
Grenada,GRD,63.836,63.836,63.836,63.836,63.836,63.836,63.836,63.836,63.836,63.836,63.836,63.836,63.836,63.836,63.836,63.836,63.836,63.836,63.836,63.836,63.836,63.836,63.836,63.836,63.836,63.836,63.836,63.836,63.836,63.836,63.836
Greenland,GRL,13.426,13.426,13.426,13.426,13.426,13.426,13.426,13.426,13.426,13.426,13.426,13.426,13.426,13.426,13.426,13.426,13.426,13.426,13.426,13.426,13.426,13.426,13.426,13.426,13.426,13.426,13.426,13.426,13.426,13.426,13.426
Guatemala,GTM,49.32,49.32,49.32,49.32,49.32,49.32,49.32,49.32,49.32,49.32,49.32,49.32,49.32,49.32,49.32,49.32,49.32,49.32,49.32,49.32,49.32,49.32,49.32,49.32,49.32,49.32,49.32,49.32,49.32,49.32,49.32
Guam,GUM,5.301,5.301,5.301,5.301,5.301,5.301,5.301,5.301,5.301,5.301,5.301,5.301,5.301,5.301,5.301,5.301,5.301,5.301,5.301,5.301,5.301,5.301,5.301,5.301,5.301,5.301,5.301,5.301,5.301,5.301,5.301
Guyana,GUY,73.462,73.462,73.462,73.462,73.462,73.462,73.462,73.462,73.462,73.462,73.462,73.462,73.462,73.462,73.462,73.462,73.462,73.462,73.462,73.462,73.462,73.462,73.462,73.462,73.462,73.462,73.462,73.462,73.462,73.462,73.462
High income,HIC,19.2792247806849,19.2792247806849,19.2792247806849,19.2792247806849,19.2792247806849,19.2792247806849,19.2792247806849,19.2792247806849,19.2792247806849,19.2792247806849,19.2792247806849,19.2792247806849,19.2792247806849,19.2792247806849,19.2792247806849,19.2792247806849,19.2792247806849,19.2792247806849,19.2792247806849,19.2792247806849,19.2792247806849,19.2792247806849,19.2792247806849,19.2792247806849,19.2792247806849,19.2792247806849,19.2792247806849,19.2792247806849,19.2792247806849,19.2792247806849,19.2792247806849
"Hong Kong SAR, China",HKG,0.0,0.0,0.0,0.0,0.0,0.0,0.0,0.0,0.0,0.0,0.0,0.0,0.0,0.0,0.0,0.0,0.0,0.0,0.0,0.0,0.0,0.0,0.0,0.0,0.0,0.0,0.0,0.0,0.0,0.0,0.0
Honduras,HND,43.543,43.543,43.543,43.543,43.543,43.543,43.543,43.543,43.543,43.543,43.543,43.543,43.543,43.543,43.543,43.543,43.543,43.543,43.543,43.543,43.543,43.543,43.543,43.543,43.543,43.543,43.543,43.543,43.543,43.543,43.543
Heavily indebted poor countries (HIPC),HPC,64.4556530823441,64.4556530823441,64.4556530823441,64.4556530823441,64.4556530823441,64.4556530823441,64.4556530823441,64.4556530823441,64.4556530823441,64.4556530823441,64.4556530823441,64.4556530823441,64.4556530823441,64.4556530823441,64.4556530823441,64.4556530823441,64.4556530823441,64.4556530823441,64.4556530823441,64.4556530823441,64.4556530823441,64.4556530823441,64.4556530823441,64.4556530823441,64.4556530823441,64.4556530823441,64.4556530823441,64.4556530823441,64.4556530823441,64.4556530823441,64.4556530823441
Croatia,HRV,43.333,43.333,43.333,43.333,43.333,43.333,43.333,43.333,43.333,43.333,43.333,43.333,43.333,43.333,43.333,43.333,43.333,43.333,43.333,43.333,43.333,43.333,43.333,43.333,43.333,43.333,43.333,43.333,43.333,43.333,43.333
Haiti,HTI,45.654,45.654,45.654,45.654,45.654,45.654,45.654,45.654,45.654,45.654,45.654,45.654,45.654,45.654,45.654,45.654,45.654,45.654,45.654,45.654,45.654,45.654,45.654,45.654,45.654,45.654,45.654,45.654,45.654,45.654,45.654
Hungary,HUN,28.938,28.938,28.938,28.938,28.938,28.938,28.938,28.938,28.938,28.938,28.938,28.938,28.938,28.938,28.938,28.938,28.938,28.938,28.938,28.938,28.938,28.938,28.938,28.938,28.938,28.938,28.938,28.938,28.938,28.938,28.938
IBRD only,IBD,45.5877198247768,45.5877198247768,45.5877198247768,45.5877198247768,45.5877198247768,45.5877198247768,45.5877198247768,45.5877198247768,45.5877198247768,45.5877198247768,45.5877198247768,45.5877198247768,45.5877198247768,45.5877198247768,45.5877198247768,45.5877198247768,45.5877198247768,45.5877198247768,45.5877198247768,45.5877198247768,45.5877198247768,45.5877198247768,45.5877198247768,45.5877198247768,45.5877198247768,45.5877198247768,45.5877198247768,45.5877198247768,45.5877198247768,45.5877198247768,45.5877198247768
IDA & IBRD total,IBT,50.0971077430739,50.0971077430739,50.0971077430739,50.0971077430739,50.0971077430739,50.0971077430739,50.0971077430739,50.0971077430739,50.0971077430739,50.0971077430739,50.0971077430739,50.0971077430739,50.0971077430739,50.0971077430739,50.0971077430739,50.0971077430739,50.0971077430739,50.0971077430739,50.0971077430739,50.0971077430739,50.0971077430739,50.0971077430739,50.0971077430739,50.0971077430739,50.0971077430739,50.0971077430739,50.0971077430739,50.0971077430739,50.0971077430739,50.0971077430739,50.0971077430739
IDA total,IDA,63.5110037883186,63.5110037883186,63.5110037883186,63.5110037883186,63.5110037883186,63.5110037883186,63.5110037883186,63.5110037883186,63.5110037883186,63.5110037883186,63.5110037883186,63.5110037883186,63.5110037883186,63.5110037883186,63.5110037883186,63.5110037883186,63.5110037883186,63.5110037883186,63.5110037883186,63.5110037883186,63.5110037883186,63.5110037883186,63.5110037883186,63.5110037883186,63.5110037883186,63.5110037883186,63.5110037883186,63.5110037883186,63.5110037883186,63.5110037883186,63.5110037883186
IDA blend,IDB,58.2421971642195,58.2421971642195,58.2421971642195,58.2421971642195,58.2421971642195,58.2421971642195,58.2421971642195,58.2421971642195,58.2421971642195,58.2421971642195,58.2421971642195,58.2421971642195,58.2421971642195,58.2421971642195,58.2421971642195,58.2421971642195,58.2421971642195,58.2421971642195,58.2421971642195,58.2421971642195,58.2421971642195,58.2421971642195,58.2421971642195,58.2421971642195,58.2421971642195,58.2421971642195,58.2421971642195,58.2421971642195,58.2421971642195,58.2421971642195,58.2421971642195
Indonesia,IDN,45.341,45.341,45.341,45.341,45.341,45.341,45.341,45.341,45.341,45.341,45.341,45.341,45.341,45.341,45.341,45.341,45.341,45.341,45.341,45.341,45.341,45.341,45.341,45.341,45.341,45.341,45.341,45.341,45.341,45.341,45.341
IDA only,IDX,66.1830665144017,66.1830665144017,66.1830665144017,66.1830665144017,66.1830665144017,66.1830665144017,66.1830665144017,66.1830665144017,66.1830665144017,66.1830665144017,66.1830665144017,66.1830665144017,66.1830665144017,66.1830665144017,66.1830665144017,66.1830665144017,66.1830665144017,66.1830665144017,66.1830665144017,66.1830665144017,66.1830665144017,66.1830665144017,66.1830665144017,66.1830665144017,66.1830665144017,66.1830665144017,66.1830665144017,66.1830665144017,66.1830665144017,66.1830665144017,66.1830665144017
Isle of Man,IMN,47.542,47.542,47.542,47.542,47.542,47.542,47.542,47.542,47.542,47.542,47.542,47.542,47.542,47.542,47.542,47.542,47.542,47.542,47.542,47.542,47.542,47.542,47.542,47.542,47.542,47.542,47.542,47.542,47.542,47.542,47.542
India,IND,66.4,66.4,66.4,66.4,66.4,66.4,66.4,66.4,66.4,66.4,66.4,66.4,66.4,66.4,66.4,66.4,66.4,66.4,66.4,66.4,66.4,66.4,66.4,66.4,66.4,66.4,66.4,66.4,66.4,66.4,66.4
Not classified,INX,,,,,,,,,,,,,,,,,,,,,,,,,,,,,,,
Ireland,IRL,37.053,37.053,37.053,37.053,37.053,37.053,37.053,37.053,37.053,37.053,37.053,37.053,37.053,37.053,37.053,37.053,37.053,37.053,37.053,37.053,37.053,37.053,37.053,37.053,37.053,37.053,37.053,37.053,37.053,37.053,37.053
"Iran, Islamic Rep.",IRN,25.606,25.606,25.606,25.606,25.606,25.606,25.606,25.606,25.606,25.606,25.606,25.606,25.606,25.606,25.606,25.606,25.606,25.606,25.606,25.606,25.606,25.606,25.606,25.606,25.606,25.606,25.606,25.606,25.606,25.606,25.606
Iraq,IRQ,29.722,29.722,29.722,29.722,29.722,29.722,29.722,29.722,29.722,29.722,29.722,29.722,29.722,29.722,29.722,29.722,29.722,29.722,29.722,29.722,29.722,29.722,29.722,29.722,29.722,29.722,29.722,29.722,29.722,29.722,29.722
Iceland,ISL,6.227,6.227,6.227,6.227,6.227,6.227,6.227,6.227,6.227,6.227,6.227,6.227,6.227,6.227,6.227,6.227,6.227,6.227,6.227,6.227,6.227,6.227,6.227,6.227,6.227,6.227,6.227,6.227,6.227,6.227,6.227
Israel,ISR,7.664,7.664,7.664,7.664,7.664,7.664,7.664,7.664,7.664,7.664,7.664,7.664,7.664,7.664,7.664,7.664,7.664,7.664,7.664,7.664,7.664,7.664,7.664,7.664,7.664,7.664,7.664,7.664,7.664,7.664,7.664
Italy,ITA,29.856,29.856,29.856,29.856,29.856,29.856,29.856,29.856,29.856,29.856,29.856,29.856,29.856,29.856,29.856,29.856,29.856,29.856,29.856,29.856,29.856,29.856,29.856,29.856,29.856,29.856,29.856,29.856,29.856,29.856,29.856
Jamaica,JAM,44.622,44.622,44.622,44.622,44.622,44.622,44.622,44.622,44.622,44.622,44.622,44.622,44.622,44.622,44.622,44.622,44.622,44.622,44.622,44.622,44.622,44.622,44.622,44.622,44.622,44.622,44.622,44.622,44.622,44.622,44.622
Jordan,JOR,9.253,9.253,9.253,9.253,9.253,9.253,9.253,9.253,9.253,9.253,9.253,9.253,9.253,9.253,9.253,9.253,9.253,9.253,9.253,9.253,9.253,9.253,9.253,9.253,9.253,9.253,9.253,9.253,9.253,9.253,9.253
Japan,JPN,8.465,8.465,8.465,8.465,8.465,8.465,8.465,8.465,8.465,8.465,8.465,8.465,8.465,8.465,8.465,8.465,8.465,8.465,8.465,8.465,8.465,8.465,8.465,8.465,8.465,8.465,8.465,8.465,8.465,8.465,8.465
Kazakhstan,KAZ,42.664,42.664,42.664,42.664,42.664,42.664,42.664,42.664,42.664,42.664,42.664,42.664,42.664,42.664,42.664,42.664,42.664,42.664,42.664,42.664,42.664,42.664,42.664,42.664,42.664,42.664,42.664,42.664,42.664,42.664,42.664
Kenya,KEN,73.438,73.438,73.438,73.438,73.438,73.438,73.438,73.438,73.438,73.438,73.438,73.438,73.438,73.438,73.438,73.438,73.438,73.438,73.438,73.438,73.438,73.438,73.438,73.438,73.438,73.438,73.438,73.438,73.438,73.438,73.438
Kyrgyz Republic,KGZ,63.865,63.865,63.865,63.865,63.865,63.865,63.865,63.865,63.865,63.865,63.865,63.865,63.865,63.865,63.865,63.865,63.865,63.865,63.865,63.865,63.865,63.865,63.865,63.865,63.865,63.865,63.865,63.865,63.865,63.865,63.865
Cambodia,KHM,77.02,77.02,77.02,77.02,77.02,77.02,77.02,77.02,77.02,77.02,77.02,77.02,77.02,77.02,77.02,77.02,77.02,77.02,77.02,77.02,77.02,77.02,77.02,77.02,77.02,77.02,77.02,77.02,77.02,77.02,77.02
Kiribati,KIR,46.738,46.738,46.738,46.738,46.738,46.738,46.738,46.738,46.738,46.738,46.738,46.738,46.738,46.738,46.738,46.738,46.738,46.738,46.738,46.738,46.738,46.738,46.738,46.738,46.738,46.738,46.738,46.738,46.738,46.738,46.738
St. Kitts and Nevis,KNA,69.227,69.227,69.227,69.227,69.227,69.227,69.227,69.227,69.227,69.227,69.227,69.227,69.227,69.227,69.227,69.227,69.227,69.227,69.227,69.227,69.227,69.227,69.227,69.227,69.227,69.227,69.227,69.227,69.227,69.227,69.227
"Korea, Rep.",KOR,18.497,18.497,18.497,18.497,18.497,18.497,18.497,18.497,18.497,18.497,18.497,18.497,18.497,18.497,18.497,18.497,18.497,18.497,18.497,18.497,18.497,18.497,18.497,18.497,18.497,18.497,18.497,18.497,18.497,18.497,18.497
Kuwait,KWT,0.0,0.0,0.0,0.0,0.0,0.0,0.0,0.0,0.0,0.0,0.0,0.0,0.0,0.0,0.0,0.0,0.0,0.0,0.0,0.0,0.0,0.0,0.0,0.0,0.0,0.0,0.0,0.0,0.0,0.0,0.0
Latin America & Caribbean (excluding high income),LAC,20.2176698336464,20.2176698336464,20.2176698336464,20.2176698336464,20.2176698336464,20.2176698336464,20.2176698336464,20.2176698336464,20.2176698336464,20.2176698336464,20.2176698336464,20.2176698336464,20.2176698336464,20.2176698336464,20.2176698336464,20.2176698336464,20.2176698336464,20.2176698336464,20.2176698336464,20.2176698336464,20.2176698336464,20.2176698336464,20.2176698336464,20.2176698336464,20.2176698336464,20.2176698336464,20.2176698336464,20.2176698336464,20.2176698336464,20.2176698336464,20.2176698336464
Lao PDR,LAO,65.632,65.632,65.632,65.632,65.632,65.632,65.632,65.632,65.632,65.632,65.632,65.632,65.632,65.632,65.632,65.632,65.632,65.632,65.632,65.632,65.632,65.632,65.632,65.632,65.632,65.632,65.632,65.632,65.632,65.632,65.632
Lebanon,LBN,11.571,11.571,11.571,11.571,11.571,11.571,11.571,11.571,11.571,11.571,11.571,11.571,11.571,11.571,11.571,11.571,11.571,11.571,11.571,11.571,11.571,11.571,11.571,11.571,11.571,11.571,11.571,11.571,11.571,11.571,11.571
Liberia,LBR,49.303,49.303,49.303,49.303,49.303,49.303,49.303,49.303,49.303,49.303,49.303,49.303,49.303,49.303,49.303,49.303,49.303,49.303,49.303,49.303,49.303,49.303,49.303,49.303,49.303,49.303,49.303,49.303,49.303,49.303,49.303
Libya,LBY,20.183,20.183,20.183,20.183,20.183,20.183,20.183,20.183,20.183,20.183,20.183,20.183,20.183,20.183,20.183,20.183,20.183,20.183,20.183,20.183,20.183,20.183,20.183,20.183,20.183,20.183,20.183,20.183,20.183,20.183,20.183
St. Lucia,LCA,81.388,81.388,81.388,81.388,81.388,81.388,81.388,81.388,81.388,81.388,81.388,81.388,81.388,81.388,81.388,81.388,81.388,81.388,81.388,81.388,81.388,81.388,81.388,81.388,81.388,81.388,81.388,81.388,81.388,81.388,81.388
Latin America & Caribbean,LCN,19.6171038351263,19.6171038351263,19.6171038351263,19.6171038351263,19.6171038351263,19.6171038351263,19.6171038351263,19.6171038351263,19.6171038351263,19.6171038351263,19.6171038351263,19.6171038351263,19.6171038351263,19.6171038351263,19.6171038351263,19.6171038351263,19.6171038351263,19.6171038351263,19.6171038351263,19.6171038351263,19.6171038351263,19.6171038351263,19.6171038351263,19.6171038351263,19.6171038351263,19.6171038351263,19.6171038351263,19.6171038351263,19.6171038351263,19.6171038351263,19.6171038351263
Least developed countries: UN classification,LDC,66.9572574144803,66.9572574144803,66.9572574144803,66.9572574144803,66.9572574144803,66.9572574144803,66.9572574144803,66.9572574144803,66.9572574144803,66.9572574144803,66.9572574144803,66.9572574144803,66.9572574144803,66.9572574144803,66.9572574144803,66.9572574144803,66.9572574144803,66.9572574144803,66.9572574144803,66.9572574144803,66.9572574144803,66.9572574144803,66.9572574144803,66.9572574144803,66.9572574144803,66.9572574144803,66.9572574144803,66.9572574144803,66.9572574144803,66.9572574144803,66.9572574144803
Low income,LIC,67.5293415057596,67.5293415057596,67.5293415057596,67.5293415057596,67.5293415057596,67.5293415057596,67.5293415057596,67.5293415057596,67.5293415057596,67.5293415057596,67.5293415057596,67.5293415057596,67.5293415057596,67.5293415057596,67.5293415057596,67.5293415057596,67.5293415057596,67.5293415057596,67.5293415057596,67.5293415057596,67.5293415057596,67.5293415057596,67.5293415057596,67.5293415057596,67.5293415057596,67.5293415057596,67.5293415057596,67.5293415057596,67.5293415057596,67.5293415057596,67.5293415057596
Liechtenstein,LIE,85.685,85.685,85.685,85.685,85.685,85.685,85.685,85.685,85.685,85.685,85.685,85.685,85.685,85.685,85.685,85.685,85.685,85.685,85.685,85.685,85.685,85.685,85.685,85.685,85.685,85.685,85.685,85.685,85.685,85.685,85.685
Sri Lanka,LKA,81.616,81.616,81.616,81.616,81.616,81.616,81.616,81.616,81.616,81.616,81.616,81.616,81.616,81.616,81.616,81.616,81.616,81.616,81.616,81.616,81.616,81.616,81.616,81.616,81.616,81.616,81.616,81.616,81.616,81.616,81.616
Lower middle income,LMC,58.9295464056608,58.9295464056608,58.9295464056608,58.9295464056608,58.9295464056608,58.9295464056608,58.9295464056608,58.9295464056608,58.9295464056608,58.9295464056608,58.9295464056608,58.9295464056608,58.9295464056608,58.9295464056608,58.9295464056608,58.9295464056608,58.9295464056608,58.9295464056608,58.9295464056608,58.9295464056608,58.9295464056608,58.9295464056608,58.9295464056608,58.9295464056608,58.9295464056608,58.9295464056608,58.9295464056608,58.9295464056608,58.9295464056608,58.9295464056608,58.9295464056608
Low & middle income,LMY,50.3875975554324,50.3875975554324,50.3875975554324,50.3875975554324,50.3875975554324,50.3875975554324,50.3875975554324,50.3875975554324,50.3875975554324,50.3875975554324,50.3875975554324,50.3875975554324,50.3875975554324,50.3875975554324,50.3875975554324,50.3875975554324,50.3875975554324,50.3875975554324,50.3875975554324,50.3875975554324,50.3875975554324,50.3875975554324,50.3875975554324,50.3875975554324,50.3875975554324,50.3875975554324,50.3875975554324,50.3875975554324,50.3875975554324,50.3875975554324,50.3875975554324
Lesotho,LSO,72.27,72.27,72.27,72.27,72.27,72.27,72.27,72.27,72.27,72.27,72.27,72.27,72.27,72.27,72.27,72.27,72.27,72.27,72.27,72.27,72.27,72.27,72.27,72.27,72.27,72.27,72.27,72.27,72.27,72.27,72.27
Late-demographic dividend,LTE,38.4224031431811,38.4224031431811,38.4224031431811,38.4224031431811,38.4224031431811,38.4224031431811,38.4224031431811,38.4224031431811,38.4224031431811,38.4224031431811,38.4224031431811,38.4224031431811,38.4224031431811,38.4224031431811,38.4224031431811,38.4224031431811,38.4224031431811,38.4224031431811,38.4224031431811,38.4224031431811,38.4224031431811,38.4224031431811,38.4224031431811,38.4224031431811,38.4224031431811,38.4224031431811,38.4224031431811,38.4224031431811,38.4224031431811,38.4224031431811,38.4224031431811
Lithuania,LTU,32.484,32.484,32.484,32.484,32.484,32.484,32.484,32.484,32.484,32.484,32.484,32.484,32.484,32.484,32.484,32.484,32.484,32.484,32.484,32.484,32.484,32.484,32.484,32.484,32.484,32.484,32.484,32.484,32.484,32.484,32.484
Luxembourg,LUX,9.273,9.273,9.273,9.273,9.273,9.273,9.273,9.273,9.273,9.273,9.273,9.273,9.273,9.273,9.273,9.273,9.273,9.273,9.273,9.273,9.273,9.273,9.273,9.273,9.273,9.273,9.273,9.273,9.273,9.273,9.273
Latvia,LVA,31.925,31.925,31.925,31.925,31.925,31.925,31.925,31.925,31.925,31.925,31.925,31.925,31.925,31.925,31.925,31.925,31.925,31.925,31.925,31.925,31.925,31.925,31.925,31.925,31.925,31.925,31.925,31.925,31.925,31.925,31.925
"Macao SAR, China",MAC,0.0,0.0,0.0,0.0,0.0,0.0,0.0,0.0,0.0,0.0,0.0,0.0,0.0,0.0,0.0,0.0,0.0,0.0,0.0,0.0,0.0,0.0,0.0,0.0,0.0,0.0,0.0,0.0,0.0,0.0,0.0
St. Martin (French part),MAF,,,,,,,,,,,,,,,,,,,,,,,,,,,,,,,
Morocco,MAR,38.092,38.092,38.092,38.092,38.092,38.092,38.092,38.092,38.092,38.092,38.092,38.092,38.092,38.092,38.092,38.092,38.092,38.092,38.092,38.092,38.092,38.092,38.092,38.092,38.092,38.092,38.092,38.092,38.092,38.092,38.092
Monaco,MCO,0.0,0.0,0.0,0.0,0.0,0.0,0.0,0.0,0.0,0.0,0.0,0.0,0.0,0.0,0.0,0.0,0.0,0.0,0.0,0.0,0.0,0.0,0.0,0.0,0.0,0.0,0.0,0.0,0.0,0.0,0.0
Moldova,MDA,57.443,57.443,57.443,57.443,57.443,57.443,57.443,57.443,57.443,57.443,57.443,57.443,57.443,57.443,57.443,57.443,57.443,57.443,57.443,57.443,57.443,57.443,57.443,57.443,57.443,57.443,57.443,57.443,57.443,57.443,57.443
Madagascar,MDG,63.478,63.478,63.478,63.478,63.478,63.478,63.478,63.478,63.478,63.478,63.478,63.478,63.478,63.478,63.478,63.478,63.478,63.478,63.478,63.478,63.478,63.478,63.478,63.478,63.478,63.478,63.478,63.478,63.478,63.478,63.478
Maldives,MDV,60.62,60.62,60.62,60.62,60.62,60.62,60.62,60.62,60.62,60.62,60.62,60.62,60.62,60.62,60.62,60.62,60.62,60.62,60.62,60.62,60.62,60.62,60.62,60.62,60.62,60.62,60.62,60.62,60.62,60.62,60.62
Middle East & North Africa,MEA,34.9472735653906,34.9472735653906,34.9472735653906,34.9472735653906,34.9472735653906,34.9472735653906,34.9472735653906,34.9472735653906,34.9472735653906,34.9472735653906,34.9472735653906,34.9472735653906,34.9472735653906,34.9472735653906,34.9472735653906,34.9472735653906,34.9472735653906,34.9472735653906,34.9472735653906,34.9472735653906,34.9472735653906,34.9472735653906,34.9472735653906,34.9472735653906,34.9472735653906,34.9472735653906,34.9472735653906,34.9472735653906,34.9472735653906,34.9472735653906,34.9472735653906
Mexico,MEX,20.133,20.133,20.133,20.133,20.133,20.133,20.133,20.133,20.133,20.133,20.133,20.133,20.133,20.133,20.133,20.133,20.133,20.133,20.133,20.133,20.133,20.133,20.133,20.133,20.133,20.133,20.133,20.133,20.133,20.133,20.133
Marshall Islands,MHL,23.366,23.366,23.366,23.366,23.366,23.366,23.366,23.366,23.366,23.366,23.366,23.366,23.366,23.366,23.366,23.366,23.366,23.366,23.366,23.366,23.366,23.366,23.366,23.366,23.366,23.366,23.366,23.366,23.366,23.366,23.366
Middle income,MIC,48.4646479810272,48.4646479810272,48.4646479810272,48.4646479810272,48.4646479810272,48.4646479810272,48.4646479810272,48.4646479810272,48.4646479810272,48.4646479810272,48.4646479810272,48.4646479810272,48.4646479810272,48.4646479810272,48.4646479810272,48.4646479810272,48.4646479810272,48.4646479810272,48.4646479810272,48.4646479810272,48.4646479810272,48.4646479810272,48.4646479810272,48.4646479810272,48.4646479810272,48.4646479810272,48.4646479810272,48.4646479810272,48.4646479810272,48.4646479810272,48.4646479810272
North Macedonia,MKD,42.252,42.252,42.252,42.252,42.252,42.252,42.252,42.252,42.252,42.252,42.252,42.252,42.252,42.252,42.252,42.252,42.252,42.252,42.252,42.252,42.252,42.252,42.252,42.252,42.252,42.252,42.252,42.252,42.252,42.252,42.252
Mali,MLI,58.428,58.428,58.428,58.428,58.428,58.428,58.428,58.428,58.428,58.428,58.428,58.428,58.428,58.428,58.428,58.428,58.428,58.428,58.428,58.428,58.428,58.428,58.428,58.428,58.428,58.428,58.428,58.428,58.428,58.428,58.428
Malta,MLT,5.45399999999999,5.45399999999999,5.45399999999999,5.45399999999999,5.45399999999999,5.45399999999999,5.45399999999999,5.45399999999999,5.45399999999999,5.45399999999999,5.45399999999999,5.45399999999999,5.45399999999999,5.45399999999999,5.45399999999999,5.45399999999999,5.45399999999999,5.45399999999999,5.45399999999999,5.45399999999999,5.45399999999999,5.45399999999999,5.45399999999999,5.45399999999999,5.45399999999999,5.45399999999999,5.45399999999999,5.45399999999999,5.45399999999999,5.45399999999999,5.45399999999999
Myanmar,MMR,69.678,69.678,69.678,69.678,69.678,69.678,69.678,69.678,69.678,69.678,69.678,69.678,69.678,69.678,69.678,69.678,69.678,69.678,69.678,69.678,69.678,69.678,69.678,69.678,69.678,69.678,69.678,69.678,69.678,69.678,69.678
Middle East & North Africa (excluding high income),MNA,38.7289849223977,38.7289849223977,38.7289849223977,38.7289849223977,38.7289849223977,38.7289849223977,38.7289849223977,38.7289849223977,38.7289849223977,38.7289849223977,38.7289849223977,38.7289849223977,38.7289849223977,38.7289849223977,38.7289849223977,38.7289849223977,38.7289849223977,38.7289849223977,38.7289849223977,38.7289849223977,38.7289849223977,38.7289849223977,38.7289849223977,38.7289849223977,38.7289849223977,38.7289849223977,38.7289849223977,38.7289849223977,38.7289849223977,38.7289849223977,38.7289849223977
Montenegro,MNE,33.523,33.523,33.523,33.523,33.523,33.523,33.523,33.523,33.523,33.523,33.523,33.523,33.523,33.523,33.523,33.523,33.523,33.523,33.523,33.523,33.523,33.523,33.523,33.523,33.523,33.523,33.523,33.523,33.523,33.523,33.523
Mongolia,MNG,31.637,31.637,31.637,31.637,31.637,31.637,31.637,31.637,31.637,31.637,31.637,31.637,31.637,31.637,31.637,31.637,31.637,31.637,31.637,31.637,31.637,31.637,31.637,31.637,31.637,31.637,31.637,31.637,31.637,31.637,31.637
Northern Mariana Islands,MNP,8.47,8.47,8.47,8.47,8.47,8.47,8.47,8.47,8.47,8.47,8.47,8.47,8.47,8.47,8.47,8.47,8.47,8.47,8.47,8.47,8.47,8.47,8.47,8.47,8.47,8.47,8.47,8.47,8.47,8.47,8.47
Mozambique,MOZ,64.545,64.545,64.545,64.545,64.545,64.545,64.545,64.545,64.545,64.545,64.545,64.545,64.545,64.545,64.545,64.545,64.545,64.545,64.545,64.545,64.545,64.545,64.545,64.545,64.545,64.545,64.545,64.545,64.545,64.545,64.545
Mauritania,MRT,47.176,47.176,47.176,47.176,47.176,47.176,47.176,47.176,47.176,47.176,47.176,47.176,47.176,47.176,47.176,47.176,47.176,47.176,47.176,47.176,47.176,47.176,47.176,47.176,47.176,47.176,47.176,47.176,47.176,47.176,47.176
Mauritius,MUS,59.159,59.159,59.159,59.159,59.159,59.159,59.159,59.159,59.159,59.159,59.159,59.159,59.159,59.159,59.159,59.159,59.159,59.159,59.159,59.159,59.159,59.159,59.159,59.159,59.159,59.159,59.159,59.159,59.159,59.159,59.159
Malawi,MWI,83.286,83.286,83.286,83.286,83.286,83.286,83.286,83.286,83.286,83.286,83.286,83.286,83.286,83.286,83.286,83.286,83.286,83.286,83.286,83.286,83.286,83.286,83.286,83.286,83.286,83.286,83.286,83.286,83.286,83.286,83.286
Malaysia,MYS,24.553,24.553,24.553,24.553,24.553,24.553,24.553,24.553,24.553,24.553,24.553,24.553,24.553,24.553,24.553,24.553,24.553,24.553,24.553,24.553,24.553,24.553,24.553,24.553,24.553,24.553,24.553,24.553,24.553,24.553,24.553
North America,NAC,18.0103601945109,18.0103601945109,18.0103601945109,18.0103601945109,18.0103601945109,18.0103601945109,18.0103601945109,18.0103601945109,18.0103601945109,18.0103601945109,18.0103601945109,18.0103601945109,18.0103601945109,18.0103601945109,18.0103601945109,18.0103601945109,18.0103601945109,18.0103601945109,18.0103601945109,18.0103601945109,18.0103601945109,18.0103601945109,18.0103601945109,18.0103601945109,18.0103601945109,18.0103601945109,18.0103601945109,18.0103601945109,18.0103601945109,18.0103601945109,18.0103601945109
Namibia,NAM,50.995,50.995,50.995,50.995,50.995,50.995,50.995,50.995,50.995,50.995,50.995,50.995,50.995,50.995,50.995,50.995,50.995,50.995,50.995,50.995,50.995,50.995,50.995,50.995,50.995,50.995,50.995,50.995,50.995,50.995,50.995
New Caledonia,NCL,29.744,29.744,29.744,29.744,29.744,29.744,29.744,29.744,29.744,29.744,29.744,29.744,29.744,29.744,29.744,29.744,29.744,29.744,29.744,29.744,29.744,29.744,29.744,29.744,29.744,29.744,29.744,29.744,29.744,29.744,29.744
Niger,NER,83.65,83.65,83.65,83.65,83.65,83.65,83.65,83.65,83.65,83.65,83.65,83.65,83.65,83.65,83.65,83.65,83.65,83.65,83.65,83.65,83.65,83.65,83.65,83.65,83.65,83.65,83.65,83.65,83.65,83.65,83.65
Nigeria,NGA,50.481,50.481,50.481,50.481,50.481,50.481,50.481,50.481,50.481,50.481,50.481,50.481,50.481,50.481,50.481,50.481,50.481,50.481,50.481,50.481,50.481,50.481,50.481,50.481,50.481,50.481,50.481,50.481,50.481,50.481,50.481
Nicaragua,NIC,41.701,41.701,41.701,41.701,41.701,41.701,41.701,41.701,41.701,41.701,41.701,41.701,41.701,41.701,41.701,41.701,41.701,41.701,41.701,41.701,41.701,41.701,41.701,41.701,41.701,41.701,41.701,41.701,41.701,41.701,41.701
Netherlands,NLD,8.923,8.923,8.923,8.923,8.923,8.923,8.923,8.923,8.923,8.923,8.923,8.923,8.923,8.923,8.923,8.923,8.923,8.923,8.923,8.923,8.923,8.923,8.923,8.923,8.923,8.923,8.923,8.923,8.923,8.923,8.923
Norway,NOR,18.129,18.129,18.129,18.129,18.129,18.129,18.129,18.129,18.129,18.129,18.129,18.129,18.129,18.129,18.129,18.129,18.129,18.129,18.129,18.129,18.129,18.129,18.129,18.129,18.129,18.129,18.129,18.129,18.129,18.129,18.129
Nepal,NPL,80.664,80.664,80.664,80.664,80.664,80.664,80.664,80.664,80.664,80.664,80.664,80.664,80.664,80.664,80.664,80.664,80.664,80.664,80.664,80.664,80.664,80.664,80.664,80.664,80.664,80.664,80.664,80.664,80.664,80.664,80.664
Nauru,NRU,0.0,0.0,0.0,0.0,0.0,0.0,0.0,0.0,0.0,0.0,0.0,0.0,0.0,0.0,0.0,0.0,0.0,0.0,0.0,0.0,0.0,0.0,0.0,0.0,0.0,0.0,0.0,0.0,0.0,0.0,0.0
New Zealand,NZL,13.534,13.534,13.534,13.534,13.534,13.534,13.534,13.534,13.534,13.534,13.534,13.534,13.534,13.534,13.534,13.534,13.534,13.534,13.534,13.534,13.534,13.534,13.534,13.534,13.534,13.534,13.534,13.534,13.534,13.534,13.534
OECD members,OED,19.6082776346759,19.6082776346759,19.6082776346759,19.6082776346759,19.6082776346759,19.6082776346759,19.6082776346759,19.6082776346759,19.6082776346759,19.6082776346759,19.6082776346759,19.6082776346759,19.6082776346759,19.6082776346759,19.6082776346759,19.6082776346759,19.6082776346759,19.6082776346759,19.6082776346759,19.6082776346759,19.6082776346759,19.6082776346759,19.6082776346759,19.6082776346759,19.6082776346759,19.6082776346759,19.6082776346759,19.6082776346759,19.6082776346759,19.6082776346759,19.6082776346759
Oman,OMN,16.44,16.44,16.44,16.44,16.44,16.44,16.44,16.44,16.44,16.44,16.44,16.44,16.44,16.44,16.44,16.44,16.44,16.44,16.44,16.44,16.44,16.44,16.44,16.44,16.44,16.44,16.44,16.44,16.44,16.44,16.44
Other small states,OSS,38.3755751398871,38.3755751398871,38.3755751398871,38.3755751398871,38.3755751398871,38.3755751398871,38.3755751398871,38.3755751398871,38.3755751398871,38.3755751398871,38.3755751398871,38.3755751398871,38.3755751398871,38.3755751398871,38.3755751398871,38.3755751398871,38.3755751398871,38.3755751398871,38.3755751398871,38.3755751398871,38.3755751398871,38.3755751398871,38.3755751398871,38.3755751398871,38.3755751398871,38.3755751398871,38.3755751398871,38.3755751398871,38.3755751398871,38.3755751398871,38.3755751398871
Pakistan,PAK,63.558,63.558,63.558,63.558,63.558,63.558,63.558,63.558,63.558,63.558,63.558,63.558,63.558,63.558,63.558,63.558,63.558,63.558,63.558,63.558,63.558,63.558,63.558,63.558,63.558,63.558,63.558,63.558,63.558,63.558,63.558
Panama,PAN,32.635,32.635,32.635,32.635,32.635,32.635,32.635,32.635,32.635,32.635,32.635,32.635,32.635,32.635,32.635,32.635,32.635,32.635,32.635,32.635,32.635,32.635,32.635,32.635,32.635,32.635,32.635,32.635,32.635,32.635,32.635
Peru,PER,22.28,22.28,22.28,22.28,22.28,22.28,22.28,22.28,22.28,22.28,22.28,22.28,22.28,22.28,22.28,22.28,22.28,22.28,22.28,22.28,22.28,22.28,22.28,22.28,22.28,22.28,22.28,22.28,22.28,22.28,22.28
Philippines,PHL,53.318,53.318,53.318,53.318,53.318,53.318,53.318,53.318,53.318,53.318,53.318,53.318,53.318,53.318,53.318,53.318,53.318,53.318,53.318,53.318,53.318,53.318,53.318,53.318,53.318,53.318,53.318,53.318,53.318,53.318,53.318
Palau,PLW,20.635,20.635,20.635,20.635,20.635,20.635,20.635,20.635,20.635,20.635,20.635,20.635,20.635,20.635,20.635,20.635,20.635,20.635,20.635,20.635,20.635,20.635,20.635,20.635,20.635,20.635,20.635,20.635,20.635,20.635,20.635
Papua New Guinea,PNG,86.898,86.898,86.898,86.898,86.898,86.898,86.898,86.898,86.898,86.898,86.898,86.898,86.898,86.898,86.898,86.898,86.898,86.898,86.898,86.898,86.898,86.898,86.898,86.898,86.898,86.898,86.898,86.898,86.898,86.898,86.898
Poland,POL,39.895,39.895,39.895,39.895,39.895,39.895,39.895,39.895,39.895,39.895,39.895,39.895,39.895,39.895,39.895,39.895,39.895,39.895,39.895,39.895,39.895,39.895,39.895,39.895,39.895,39.895,39.895,39.895,39.895,39.895,39.895
Pre-demographic dividend,PRE,59.3192198282292,59.3192198282292,59.3192198282292,59.3192198282292,59.3192198282292,59.3192198282292,59.3192198282292,59.3192198282292,59.3192198282292,59.3192198282292,59.3192198282292,59.3192198282292,59.3192198282292,59.3192198282292,59.3192198282292,59.3192198282292,59.3192198282292,59.3192198282292,59.3192198282292,59.3192198282292,59.3192198282292,59.3192198282292,59.3192198282292,59.3192198282292,59.3192198282292,59.3192198282292,59.3192198282292,59.3192198282292,59.3192198282292,59.3192198282292,59.3192198282292
Puerto Rico,PRI,6.413,6.413,6.413,6.413,6.413,6.413,6.413,6.413,6.413,6.413,6.413,6.413,6.413,6.413,6.413,6.413,6.413,6.413,6.413,6.413,6.413,6.413,6.413,6.413,6.413,6.413,6.413,6.413,6.413,6.413,6.413
"Korea, Dem. People's Rep.",PRK,38.322,38.322,38.322,38.322,38.322,38.322,38.322,38.322,38.322,38.322,38.322,38.322,38.322,38.322,38.322,38.322,38.322,38.322,38.322,38.322,38.322,38.322,38.322,38.322,38.322,38.322,38.322,38.322,38.322,38.322,38.322
Portugal,PRT,35.348,35.348,35.348,35.348,35.348,35.348,35.348,35.348,35.348,35.348,35.348,35.348,35.348,35.348,35.348,35.348,35.348,35.348,35.348,35.348,35.348,35.348,35.348,35.348,35.348,35.348,35.348,35.348,35.348,35.348,35.348
Paraguay,PRY,38.7,38.7,38.7,38.7,38.7,38.7,38.7,38.7,38.7,38.7,38.7,38.7,38.7,38.7,38.7,38.7,38.7,38.7,38.7,38.7,38.7,38.7,38.7,38.7,38.7,38.7,38.7,38.7,38.7,38.7,38.7
West Bank and Gaza,PSE,24.106,24.106,24.106,24.106,24.106,24.106,24.106,24.106,24.106,24.106,24.106,24.106,24.106,24.106,24.106,24.106,24.106,24.106,24.106,24.106,24.106,24.106,24.106,24.106,24.106,24.106,24.106,24.106,24.106,24.106,24.106
Pacific island small states,PSS,61.5280429471102,61.5280429471102,61.5280429471102,61.5280429471102,61.5280429471102,61.5280429471102,61.5280429471102,61.5280429471102,61.5280429471102,61.5280429471102,61.5280429471102,61.5280429471102,61.5280429471102,61.5280429471102,61.5280429471102,61.5280429471102,61.5280429471102,61.5280429471102,61.5280429471102,61.5280429471102,61.5280429471102,61.5280429471102,61.5280429471102,61.5280429471102,61.5280429471102,61.5280429471102,61.5280429471102,61.5280429471102,61.5280429471102,61.5280429471102,61.5280429471102
Post-demographic dividend,PST,18.8993531880592,18.8993531880592,18.8993531880592,18.8993531880592,18.8993531880592,18.8993531880592,18.8993531880592,18.8993531880592,18.8993531880592,18.8993531880592,18.8993531880592,18.8993531880592,18.8993531880592,18.8993531880592,18.8993531880592,18.8993531880592,18.8993531880592,18.8993531880592,18.8993531880592,18.8993531880592,18.8993531880592,18.8993531880592,18.8993531880592,18.8993531880592,18.8993531880592,18.8993531880592,18.8993531880592,18.8993531880592,18.8993531880592,18.8993531880592,18.8993531880592
French Polynesia,PYF,38.216,38.216,38.216,38.216,38.216,38.216,38.216,38.216,38.216,38.216,38.216,38.216,38.216,38.216,38.216,38.216,38.216,38.216,38.216,38.216,38.216,38.216,38.216,38.216,38.216,38.216,38.216,38.216,38.216,38.216,38.216
Qatar,QAT,0.921999999999997,0.921999999999997,0.921999999999997,0.921999999999997,0.921999999999997,0.921999999999997,0.921999999999997,0.921999999999997,0.921999999999997,0.921999999999997,0.921999999999997,0.921999999999997,0.921999999999997,0.921999999999997,0.921999999999997,0.921999999999997,0.921999999999997,0.921999999999997,0.921999999999997,0.921999999999997,0.921999999999997,0.921999999999997,0.921999999999997,0.921999999999997,0.921999999999997,0.921999999999997,0.921999999999997,0.921999999999997,0.921999999999997,0.921999999999997,0.921999999999997
Romania,ROU,46.064,46.064,46.064,46.064,46.064,46.064,46.064,46.064,46.064,46.064,46.064,46.064,46.064,46.064,46.064,46.064,46.064,46.064,46.064,46.064,46.064,46.064,46.064,46.064,46.064,46.064,46.064,46.064,46.064,46.064,46.064
Russian Federation,RUS,25.708,25.708,25.708,25.708,25.708,25.708,25.708,25.708,25.708,25.708,25.708,25.708,25.708,25.708,25.708,25.708,25.708,25.708,25.708,25.708,25.708,25.708,25.708,25.708,25.708,25.708,25.708,25.708,25.708,25.708,25.708
Rwanda,RWA,82.875,82.875,82.875,82.875,82.875,82.875,82.875,82.875,82.875,82.875,82.875,82.875,82.875,82.875,82.875,82.875,82.875,82.875,82.875,82.875,82.875,82.875,82.875,82.875,82.875,82.875,82.875,82.875,82.875,82.875,82.875
South Asia,SAS,66.4358710406179,66.4358710406179,66.4358710406179,66.4358710406179,66.4358710406179,66.4358710406179,66.4358710406179,66.4358710406179,66.4358710406179,66.4358710406179,66.4358710406179,66.4358710406179,66.4358710406179,66.4358710406179,66.4358710406179,66.4358710406179,66.4358710406179,66.4358710406179,66.4358710406179,66.4358710406179,66.4358710406179,66.4358710406179,66.4358710406179,66.4358710406179,66.4358710406179,66.4358710406179,66.4358710406179,66.4358710406179,66.4358710406179,66.4358710406179,66.4358710406179
Saudi Arabia,SAU,16.378,16.378,16.378,16.378,16.378,16.378,16.378,16.378,16.378,16.378,16.378,16.378,16.378,16.378,16.378,16.378,16.378,16.378,16.378,16.378,16.378,16.378,16.378,16.378,16.378,16.378,16.378,16.378,16.378,16.378,16.378
Sudan,SDN,65.63,65.63,65.63,65.63,65.63,65.63,65.63,65.63,65.63,65.63,65.63,65.63,65.63,65.63,65.63,65.63,65.63,65.63,65.63,65.63,65.63,65.63,65.63,65.63,65.63,65.63,65.63,65.63,65.63,65.63,65.63
Senegal,SEN,53.26,53.26,53.26,53.26,53.26,53.26,53.26,53.26,53.26,53.26,53.26,53.26,53.26,53.26,53.26,53.26,53.26,53.26,53.26,53.26,53.26,53.26,53.26,53.26,53.26,53.26,53.26,53.26,53.26,53.26,53.26
Singapore,SGP,0.0,0.0,0.0,0.0,0.0,0.0,0.0,0.0,0.0,0.0,0.0,0.0,0.0,0.0,0.0,0.0,0.0,0.0,0.0,0.0,0.0,0.0,0.0,0.0,0.0,0.0,0.0,0.0,0.0,0.0,0.0
Solomon Islands,SLB,76.714,76.714,76.714,76.714,76.714,76.714,76.714,76.714,76.714,76.714,76.714,76.714,76.714,76.714,76.714,76.714,76.714,76.714,76.714,76.714,76.714,76.714,76.714,76.714,76.714,76.714,76.714,76.714,76.714,76.714,76.714
Sierra Leone,SLE,58.364,58.364,58.364,58.364,58.364,58.364,58.364,58.364,58.364,58.364,58.364,58.364,58.364,58.364,58.364,58.364,58.364,58.364,58.364,58.364,58.364,58.364,58.364,58.364,58.364,58.364,58.364,58.364,58.364,58.364,58.364
El Salvador,SLV,28.725,28.725,28.725,28.725,28.725,28.725,28.725,28.725,28.725,28.725,28.725,28.725,28.725,28.725,28.725,28.725,28.725,28.725,28.725,28.725,28.725,28.725,28.725,28.725,28.725,28.725,28.725,28.725,28.725,28.725,28.725
San Marino,SMR,2.928,2.928,2.928,2.928,2.928,2.928,2.928,2.928,2.928,2.928,2.928,2.928,2.928,2.928,2.928,2.928,2.928,2.928,2.928,2.928,2.928,2.928,2.928,2.928,2.928,2.928,2.928,2.928,2.928,2.928,2.928
Somalia,SOM,55.609,55.609,55.609,55.609,55.609,55.609,55.609,55.609,55.609,55.609,55.609,55.609,55.609,55.609,55.609,55.609,55.609,55.609,55.609,55.609,55.609,55.609,55.609,55.609,55.609,55.609,55.609,55.609,55.609,55.609,55.609
Serbia,SRB,44.058,44.058,44.058,44.058,44.058,44.058,44.058,44.058,44.058,44.058,44.058,44.058,44.058,44.058,44.058,44.058,44.058,44.058,44.058,44.058,44.058,44.058,44.058,44.058,44.058,44.058,44.058,44.058,44.058,44.058,44.058
Sub-Saharan Africa (excluding high income),SSA,60.3566577467987,60.3566577467987,60.3566577467987,60.3566577467987,60.3566577467987,60.3566577467987,60.3566577467987,60.3566577467987,60.3566577467987,60.3566577467987,60.3566577467987,60.3566577467987,60.3566577467987,60.3566577467987,60.3566577467987,60.3566577467987,60.3566577467987,60.3566577467987,60.3566577467987,60.3566577467987,60.3566577467987,60.3566577467987,60.3566577467987,60.3566577467987,60.3566577467987,60.3566577467987,60.3566577467987,60.3566577467987,60.3566577467987,60.3566577467987,60.3566577467987
South Sudan,SSD,80.654,80.654,80.654,80.654,80.654,80.654,80.654,80.654,80.654,80.654,80.654,80.654,80.654,80.654,80.654,80.654,80.654,80.654,80.654,80.654,80.654,80.654,80.654,80.654,80.654,80.654,80.654,80.654,80.654,80.654,80.654
Sub-Saharan Africa,SSF,60.355141137987,60.355141137987,60.355141137987,60.355141137987,60.355141137987,60.355141137987,60.355141137987,60.355141137987,60.355141137987,60.355141137987,60.355141137987,60.355141137987,60.355141137987,60.355141137987,60.355141137987,60.355141137987,60.355141137987,60.355141137987,60.355141137987,60.355141137987,60.355141137987,60.355141137987,60.355141137987,60.355141137987,60.355141137987,60.355141137987,60.355141137987,60.355141137987,60.355141137987,60.355141137987,60.355141137987
Small states,SST,41.7206619224451,41.7206619224451,41.7206619224451,41.7206619224451,41.7206619224451,41.7206619224451,41.7206619224451,41.7206619224451,41.7206619224451,41.7206619224451,41.7206619224451,41.7206619224451,41.7206619224451,41.7206619224451,41.7206619224451,41.7206619224451,41.7206619224451,41.7206619224451,41.7206619224451,41.7206619224451,41.7206619224451,41.7206619224451,41.7206619224451,41.7206619224451,41.7206619224451,41.7206619224451,41.7206619224451,41.7206619224451,41.7206619224451,41.7206619224451,41.7206619224451
Sao Tome and Principe,STP,28.032,28.032,28.032,28.032,28.032,28.032,28.032,28.032,28.032,28.032,28.032,28.032,28.032,28.032,28.032,28.032,28.032,28.032,28.032,28.032,28.032,28.032,28.032,28.032,28.032,28.032,28.032,28.032,28.032,28.032,28.032
Suriname,SUR,33.959,33.959,33.959,33.959,33.959,33.959,33.959,33.959,33.959,33.959,33.959,33.959,33.959,33.959,33.959,33.959,33.959,33.959,33.959,33.959,33.959,33.959,33.959,33.959,33.959,33.959,33.959,33.959,33.959,33.959,33.959
Slovak Republic,SVK,46.249,46.249,46.249,46.249,46.249,46.249,46.249,46.249,46.249,46.249,46.249,46.249,46.249,46.249,46.249,46.249,46.249,46.249,46.249,46.249,46.249,46.249,46.249,46.249,46.249,46.249,46.249,46.249,46.249,46.249,46.249
Slovenia,SVN,45.727,45.727,45.727,45.727,45.727,45.727,45.727,45.727,45.727,45.727,45.727,45.727,45.727,45.727,45.727,45.727,45.727,45.727,45.727,45.727,45.727,45.727,45.727,45.727,45.727,45.727,45.727,45.727,45.727,45.727,45.727
Sweden,SWE,12.854,12.854,12.854,12.854,12.854,12.854,12.854,12.854,12.854,12.854,12.854,12.854,12.854,12.854,12.854,12.854,12.854,12.854,12.854,12.854,12.854,12.854,12.854,12.854,12.854,12.854,12.854,12.854,12.854,12.854,12.854
Eswatini,SWZ,76.375,76.375,76.375,76.375,76.375,76.375,76.375,76.375,76.375,76.375,76.375,76.375,76.375,76.375,76.375,76.375,76.375,76.375,76.375,76.375,76.375,76.375,76.375,76.375,76.375,76.375,76.375,76.375,76.375,76.375,76.375
Sint Maarten (Dutch part),SXM,0.0,0.0,0.0,0.0,0.0,0.0,0.0,0.0,0.0,0.0,0.0,0.0,0.0,0.0,0.0,0.0,0.0,0.0,0.0,0.0,0.0,0.0,0.0,0.0,0.0,0.0,0.0,0.0,0.0,0.0,0.0
Seychelles,SYC,43.739,43.739,43.739,43.739,43.739,43.739,43.739,43.739,43.739,43.739,43.739,43.739,43.739,43.739,43.739,43.739,43.739,43.739,43.739,43.739,43.739,43.739,43.739,43.739,43.739,43.739,43.739,43.739,43.739,43.739,43.739
Syrian Arab Republic,SYR,46.5,46.5,46.5,46.5,46.5,46.5,46.5,46.5,46.5,46.5,46.5,46.5,46.5,46.5,46.5,46.5,46.5,46.5,46.5,46.5,46.5,46.5,46.5,46.5,46.5,46.5,46.5,46.5,46.5,46.5,46.5
Turks and Caicos Islands,TCA,7.18300000000001,7.18300000000001,7.18300000000001,7.18300000000001,7.18300000000001,7.18300000000001,7.18300000000001,7.18300000000001,7.18300000000001,7.18300000000001,7.18300000000001,7.18300000000001,7.18300000000001,7.18300000000001,7.18300000000001,7.18300000000001,7.18300000000001,7.18300000000001,7.18300000000001,7.18300000000001,7.18300000000001,7.18300000000001,7.18300000000001,7.18300000000001,7.18300000000001,7.18300000000001,7.18300000000001,7.18300000000001,7.18300000000001,7.18300000000001,7.18300000000001
Chad,TCD,77.142,77.142,77.142,77.142,77.142,77.142,77.142,77.142,77.142,77.142,77.142,77.142,77.142,77.142,77.142,77.142,77.142,77.142,77.142,77.142,77.142,77.142,77.142,77.142,77.142,77.142,77.142,77.142,77.142,77.142,77.142
East Asia & Pacific (IDA & IBRD countries),TEA,45.4023117461416,45.4023117461416,45.4023117461416,45.4023117461416,45.4023117461416,45.4023117461416,45.4023117461416,45.4023117461416,45.4023117461416,45.4023117461416,45.4023117461416,45.4023117461416,45.4023117461416,45.4023117461416,45.4023117461416,45.4023117461416,45.4023117461416,45.4023117461416,45.4023117461416,45.4023117461416,45.4023117461416,45.4023117461416,45.4023117461416,45.4023117461416,45.4023117461416,45.4023117461416,45.4023117461416,45.4023117461416,45.4023117461416,45.4023117461416,45.4023117461416
Europe & Central Asia (IDA & IBRD countries),TEC,33.8368837004562,33.8368837004562,33.8368837004562,33.8368837004562,33.8368837004562,33.8368837004562,33.8368837004562,33.8368837004562,33.8368837004562,33.8368837004562,33.8368837004562,33.8368837004562,33.8368837004562,33.8368837004562,33.8368837004562,33.8368837004562,33.8368837004562,33.8368837004562,33.8368837004562,33.8368837004562,33.8368837004562,33.8368837004562,33.8368837004562,33.8368837004562,33.8368837004562,33.8368837004562,33.8368837004562,33.8368837004562,33.8368837004562,33.8368837004562,33.8368837004562
Togo,TGO,58.838,58.838,58.838,58.838,58.838,58.838,58.838,58.838,58.838,58.838,58.838,58.838,58.838,58.838,58.838,58.838,58.838,58.838,58.838,58.838,58.838,58.838,58.838,58.838,58.838,58.838,58.838,58.838,58.838,58.838,58.838
Thailand,THA,50.8,50.8,50.8,50.8,50.8,50.8,50.8,50.8,50.8,50.8,50.8,50.8,50.8,50.8,50.8,50.8,50.8,50.8,50.8,50.8,50.8,50.8,50.8,50.8,50.8,50.8,50.8,50.8,50.8,50.8,50.8
Tajikistan,TJK,73.018,73.018,73.018,73.018,73.018,73.018,73.018,73.018,73.018,73.018,73.018,73.018,73.018,73.018,73.018,73.018,73.018,73.018,73.018,73.018,73.018,73.018,73.018,73.018,73.018,73.018,73.018,73.018,73.018,73.018,73.018
Turkmenistan,TKM,48.847,48.847,48.847,48.847,48.847,48.847,48.847,48.847,48.847,48.847,48.847,48.847,48.847,48.847,48.847,48.847,48.847,48.847,48.847,48.847,48.847,48.847,48.847,48.847,48.847,48.847,48.847,48.847,48.847,48.847,48.847
Latin America & the Caribbean (IDA & IBRD countries),TLA,19.6055137398574,19.6055137398574,19.6055137398574,19.6055137398574,19.6055137398574,19.6055137398574,19.6055137398574,19.6055137398574,19.6055137398574,19.6055137398574,19.6055137398574,19.6055137398574,19.6055137398574,19.6055137398574,19.6055137398574,19.6055137398574,19.6055137398574,19.6055137398574,19.6055137398574,19.6055137398574,19.6055137398574,19.6055137398574,19.6055137398574,19.6055137398574,19.6055137398574,19.6055137398574,19.6055137398574,19.6055137398574,19.6055137398574,19.6055137398574,19.6055137398574
Timor-Leste,TLS,69.788,69.788,69.788,69.788,69.788,69.788,69.788,69.788,69.788,69.788,69.788,69.788,69.788,69.788,69.788,69.788,69.788,69.788,69.788,69.788,69.788,69.788,69.788,69.788,69.788,69.788,69.788,69.788,69.788,69.788,69.788
Middle East & North Africa (IDA & IBRD countries),TMN,38.9040364018785,38.9040364018785,38.9040364018785,38.9040364018785,38.9040364018785,38.9040364018785,38.9040364018785,38.9040364018785,38.9040364018785,38.9040364018785,38.9040364018785,38.9040364018785,38.9040364018785,38.9040364018785,38.9040364018785,38.9040364018785,38.9040364018785,38.9040364018785,38.9040364018785,38.9040364018785,38.9040364018785,38.9040364018785,38.9040364018785,38.9040364018785,38.9040364018785,38.9040364018785,38.9040364018785,38.9040364018785,38.9040364018785,38.9040364018785,38.9040364018785
Tonga,TON,76.831,76.831,76.831,76.831,76.831,76.831,76.831,76.831,76.831,76.831,76.831,76.831,76.831,76.831,76.831,76.831,76.831,76.831,76.831,76.831,76.831,76.831,76.831,76.831,76.831,76.831,76.831,76.831,76.831,76.831,76.831
South Asia (IDA & IBRD),TSA,66.4358710406179,66.4358710406179,66.4358710406179,66.4358710406179,66.4358710406179,66.4358710406179,66.4358710406179,66.4358710406179,66.4358710406179,66.4358710406179,66.4358710406179,66.4358710406179,66.4358710406179,66.4358710406179,66.4358710406179,66.4358710406179,66.4358710406179,66.4358710406179,66.4358710406179,66.4358710406179,66.4358710406179,66.4358710406179,66.4358710406179,66.4358710406179,66.4358710406179,66.4358710406179,66.4358710406179,66.4358710406179,66.4358710406179,66.4358710406179,66.4358710406179
Sub-Saharan Africa (IDA & IBRD countries),TSS,60.355141137987,60.355141137987,60.355141137987,60.355141137987,60.355141137987,60.355141137987,60.355141137987,60.355141137987,60.355141137987,60.355141137987,60.355141137987,60.355141137987,60.355141137987,60.355141137987,60.355141137987,60.355141137987,60.355141137987,60.355141137987,60.355141137987,60.355141137987,60.355141137987,60.355141137987,60.355141137987,60.355141137987,60.355141137987,60.355141137987,60.355141137987,60.355141137987,60.355141137987,60.355141137987,60.355141137987
Trinidad and Tobago,TTO,46.795,46.795,46.795,46.795,46.795,46.795,46.795,46.795,46.795,46.795,46.795,46.795,46.795,46.795,46.795,46.795,46.795,46.795,46.795,46.795,46.795,46.795,46.795,46.795,46.795,46.795,46.795,46.795,46.795,46.795,46.795
Tunisia,TUN,31.358,31.358,31.358,31.358,31.358,31.358,31.358,31.358,31.358,31.358,31.358,31.358,31.358,31.358,31.358,31.358,31.358,31.358,31.358,31.358,31.358,31.358,31.358,31.358,31.358,31.358,31.358,31.358,31.358,31.358,31.358
Turkiye,TUR,25.356,25.356,25.356,25.356,25.356,25.356,25.356,25.356,25.356,25.356,25.356,25.356,25.356,25.356,25.356,25.356,25.356,25.356,25.356,25.356,25.356,25.356,25.356,25.356,25.356,25.356,25.356,25.356,25.356,25.356,25.356
Tuvalu,TUV,38.47,38.47,38.47,38.47,38.47,38.47,38.47,38.47,38.47,38.47,38.47,38.47,38.47,38.47,38.47,38.47,38.47,38.47,38.47,38.47,38.47,38.47,38.47,38.47,38.47,38.47,38.47,38.47,38.47,38.47,38.47
Tanzania,TZA,66.947,66.947,66.947,66.947,66.947,66.947,66.947,66.947,66.947,66.947,66.947,66.947,66.947,66.947,66.947,66.947,66.947,66.947,66.947,66.947,66.947,66.947,66.947,66.947,66.947,66.947,66.947,66.947,66.947,66.947,66.947
Uganda,UGA,76.804,76.804,76.804,76.804,76.804,76.804,76.804,76.804,76.804,76.804,76.804,76.804,76.804,76.804,76.804,76.804,76.804,76.804,76.804,76.804,76.804,76.804,76.804,76.804,76.804,76.804,76.804,76.804,76.804,76.804,76.804
Ukraine,UKR,30.754,30.754,30.754,30.754,30.754,30.754,30.754,30.754,30.754,30.754,30.754,30.754,30.754,30.754,30.754,30.754,30.754,30.754,30.754,30.754,30.754,30.754,30.754,30.754,30.754,30.754,30.754,30.754,30.754,30.754,30.754
Upper middle income,UMC,34.853605508199,34.853605508199,34.853605508199,34.853605508199,34.853605508199,34.853605508199,34.853605508199,34.853605508199,34.853605508199,34.853605508199,34.853605508199,34.853605508199,34.853605508199,34.853605508199,34.853605508199,34.853605508199,34.853605508199,34.853605508199,34.853605508199,34.853605508199,34.853605508199,34.853605508199,34.853605508199,34.853605508199,34.853605508199,34.853605508199,34.853605508199,34.853605508199,34.853605508199,34.853605508199,34.853605508199
Uruguay,URY,4.76000000000001,4.76000000000001,4.76000000000001,4.76000000000001,4.76000000000001,4.76000000000001,4.76000000000001,4.76000000000001,4.76000000000001,4.76000000000001,4.76000000000001,4.76000000000001,4.76000000000001,4.76000000000001,4.76000000000001,4.76000000000001,4.76000000000001,4.76000000000001,4.76000000000001,4.76000000000001,4.76000000000001,4.76000000000001,4.76000000000001,4.76000000000001,4.76000000000001,4.76000000000001,4.76000000000001,4.76000000000001,4.76000000000001,4.76000000000001,4.76000000000001
United States,USA,17.942,17.942,17.942,17.942,17.942,17.942,17.942,17.942,17.942,17.942,17.942,17.942,17.942,17.942,17.942,17.942,17.942,17.942,17.942,17.942,17.942,17.942,17.942,17.942,17.942,17.942,17.942,17.942,17.942,17.942,17.942
Uzbekistan,UZB,49.45,49.45,49.45,49.45,49.45,49.45,49.45,49.45,49.45,49.45,49.45,49.45,49.45,49.45,49.45,49.45,49.45,49.45,49.45,49.45,49.45,49.45,49.45,49.45,49.45,49.45,49.45,49.45,49.45,49.45,49.45
St. Vincent and the Grenadines,VCT,48.216,48.216,48.216,48.216,48.216,48.216,48.216,48.216,48.216,48.216,48.216,48.216,48.216,48.216,48.216,48.216,48.216,48.216,48.216,48.216,48.216,48.216,48.216,48.216,48.216,48.216,48.216,48.216,48.216,48.216,48.216
"Venezuela, RB",VEN,11.817,11.817,11.817,11.817,11.817,11.817,11.817,11.817,11.817,11.817,11.817,11.817,11.817,11.817,11.817,11.817,11.817,11.817,11.817,11.817,11.817,11.817,11.817,11.817,11.817,11.817,11.817,11.817,11.817,11.817,11.817
British Virgin Islands,VGB,52.663,52.663,52.663,52.663,52.663,52.663,52.663,52.663,52.663,52.663,52.663,52.663,52.663,52.663,52.663,52.663,52.663,52.663,52.663,52.663,52.663,52.663,52.663,52.663,52.663,52.663,52.663,52.663,52.663,52.663,52.663
Virgin Islands (U.S.),VIR,4.39700000000001,4.39700000000001,4.39700000000001,4.39700000000001,4.39700000000001,4.39700000000001,4.39700000000001,4.39700000000001,4.39700000000001,4.39700000000001,4.39700000000001,4.39700000000001,4.39700000000001,4.39700000000001,4.39700000000001,4.39700000000001,4.39700000000001,4.39700000000001,4.39700000000001,4.39700000000001,4.39700000000001,4.39700000000001,4.39700000000001,4.39700000000001,4.39700000000001,4.39700000000001,4.39700000000001,4.39700000000001,4.39700000000001,4.39700000000001,4.39700000000001
Vietnam,VNM,64.787,64.787,64.787,64.787,64.787,64.787,64.787,64.787,64.787,64.787,64.787,64.787,64.787,64.787,64.787,64.787,64.787,64.787,64.787,64.787,64.787,64.787,64.787,64.787,64.787,64.787,64.787,64.787,64.787,64.787,64.787
Vanuatu,VUT,74.837,74.837,74.837,74.837,74.837,74.837,74.837,74.837,74.837,74.837,74.837,74.837,74.837,74.837,74.837,74.837,74.837,74.837,74.837,74.837,74.837,74.837,74.837,74.837,74.837,74.837,74.837,74.837,74.837,74.837,74.837
World,WLD,45.1712786459983,45.1712786459983,45.1712786459983,45.1712786459983,45.1712786459983,45.1712786459983,45.1712786459983,45.1712786459983,45.1712786459983,45.1712786459983,45.1712786459983,45.1712786459983,45.1712786459983,45.1712786459983,45.1712786459983,45.1712786459983,45.1712786459983,45.1712786459983,45.1712786459983,45.1712786459983,45.1712786459983,45.1712786459983,45.1712786459983,45.1712786459983,45.1712786459983,45.1712786459983,45.1712786459983,45.1712786459983,45.1712786459983,45.1712786459983,45.1712786459983
Samoa,WSM,81.548,81.548,81.548,81.548,81.548,81.548,81.548,81.548,81.548,81.548,81.548,81.548,81.548,81.548,81.548,81.548,81.548,81.548,81.548,81.548,81.548,81.548,81.548,81.548,81.548,81.548,81.548,81.548,81.548,81.548,81.548
Kosovo,XKX,,,,,,,,,,,,,,,,,,,,,,,,,,,,,,,
"Yemen, Rep.",YEM,63.984,63.984,63.984,63.984,63.984,63.984,63.984,63.984,63.984,63.984,63.984,63.984,63.984,63.984,63.984,63.984,63.984,63.984,63.984,63.984,63.984,63.984,63.984,63.984,63.984,63.984,63.984,63.984,63.984,63.984,63.984
South Africa,ZAF,34.15,34.15,34.15,34.15,34.15,34.15,34.15,34.15,34.15,34.15,34.15,34.15,34.15,34.15,34.15,34.15,34.15,34.15,34.15,34.15,34.15,34.15,34.15,34.15,34.15,34.15,34.15,34.15,34.15,34.15,34.15
Zambia,ZMB,57.024,57.024,57.024,57.024,57.024,57.024,57.024,57.024,57.024,57.024,57.024,57.024,57.024,57.024,57.024,57.024,57.024,57.024,57.024,57.024,57.024,57.024,57.024,57.024,57.024,57.024,57.024,57.024,57.024,57.024,57.024
Zimbabwe,ZWE,67.763,67.763,67.763,67.763,67.763,67.763,67.763,67.763,67.763,67.763,67.763,67.763,67.763,67.763,67.763,67.763,67.763,67.763,67.763,67.763,67.763,67.763,67.763,67.763,67.763,67.763,67.763,67.763,67.763,67.763,67.763
