Country Name,Country Code,rural_pop_percent_17,food_production_index_17,ag_land_area_17,arable_land_percent_2017,net_migration_2017,hiv_prevalence_2017,mat_mortality_ratio_2017,under5_mortality_ratio_2017,tubercul_incidence_2017,elec_access_2017,ren_energy_percent_2017,ffuel_energy_percent_2017,co2_emissions_2017,pop_air_pollution_2017,foreign_dir_inv_2017,atm_access_2017,adol_fertility_rate_2017,fem_labor_part_rate_2017,male_labor_part_rate_2017,fertility_rate_2017,dpt_immuniz_rate_2017,undernourished_rate_2017,cell_subscriptions_per100,internet_per_mil_2017,military_exp_2017,women_seats_percent_2017,male_bus_start_2017,female_bus_start_2017,patent_apps_2017,sci_articles_2017,pop_density_2017,HDI
Afghanistan,AFG,74.75,99.1699981689453,58.0675795729559,11.7927273841252,-314602.0,0.1,638.0,64.8,189.0,74.75,19.21,,0.131694555645599,56.9108083545081,51533896.765,1.21,68.957,20.886999130249,72.1829986572266,4.633,66.0,23.0,65.92913406,43.4481809910709,0.945226799939516,27.710843373494,8.0,9.0,,91.89,55.5955503477009,0.509
Angola,AGO,35.161,103.419998168945,45.2373706585385,3.93037619314992,32066.0,1.9,241.0,80.6,359.0,35.161,56.25,,0.813300730203195,32.3885049076425,-7397295409.18991,19.13,150.526,74.9120025634766,79.7559967041016,5.6,56.0,15.4,44.68610714,10.7992921701208,2.50798545587522,30.4545454545455,36.0,36.0,,55.5,23.9165549049491,0.582
Albania,ALB,40.617,103.980003356934,42.6708394160584,22.1496350364964,-69998.0,0.1,15.0,9.4,20.0,40.617,37.07,,1.78878607422544,18.2006025215914,1022757857.07377,31.71,19.642,49.5099983215332,66.4400024414063,1.638,99.0,4.1,125.7103519,443.020375805171,1.10869638590383,27.8571428571429,5.0,5.0,16.0,149.54,104.870693430657,0.792
Andorra,AND,11.85,,40.0425531914894,1.74468085106383,,,,3.0,1.5,11.85,19.15,,6.10413391181354,10.3076213949548,,,,,,,99.0,,104.3324113,3415.71749548684,,32.1428571428571,,,,2.01,163.823404255319,0.867
United Arab Emirates,ARE,13.752,104.180000305176,5.40411151788229,0.626584060827936,200000.0,0.1,3.0,7.2,0.8,13.752,0.19,,20.7690223324057,40.9175098248731,10354223000.0,65.37,6.546,51.9469985961914,91.5589981079102,1.448,97.0,3.2,208.9785999,1285.09911137167,,22.5,8.0,9.0,63.0,2899.67,133.584990143622,0.889
Argentina,ARG,8.251,105.940002441406,54.3357121193851,14.3238729998648,24000.0,0.4,39.0,10.3,27.0,8.251,10.37,,4.07130836193664,13.311833946835,11516861462.2845,53.12,62.782,47.8440017700195,70.6740036010742,2.275,86.0,3.1,140.8771235,1628.59139070889,0.856137916373543,38.1322957198444,24.5,24.5,393.0,8704.3,16.0941907925267,0.842
Armenia,ARM,36.897,94.4100036621094,58.872497365648,15.6656129258869,-24989.0,0.2,26.0,12.7,36.0,36.897,12.56,,1.82356015509399,32.5281183420597,250935110.239139,63.74,21.49,46.890998840332,65.6809997558594,1.75,94.0,3.1,118.4642306,271.32674021806,3.84973057654684,18.0952380952381,5.0,5.0,107.0,511.24,103.434808570425,0.771
Antigua and Barbuda,ATG,75.287,101.589996337891,20.4545454545455,9.09090909090909,0.0,,42.0,7.1,1.2,75.287,0.6,,5.23971705527901,18.6223428464755,151271628.230867,66.03,42.782,,,1.999,95.0,,192.819567,890.751899397433,,11.1111111111111,22.0,22.0,,5.2,216.875,0.772
Australia,AUS,14.096,104.040000915527,48.3406179391109,3.99790952181612,791229.0,0.1,6.0,3.8,6.7,14.096,9.69,,15.818316324949,8.55032440147794,48198614234.959,160.32,11.715,59.8139991760254,70.6470031738281,1.741,95.0,2.5,108.4417819,21544.7937676257,1.99757726645313,28.6666666666667,2.5,2.5,2503.0,53428.79,3.19836141871706,0.943
Austria,AUT,41.906,98.5199966430664,32.1694134755211,16.1044595249636,324998.0,,5.0,3.6,7.3,41.906,33.98,,7.4861615826868,12.4779667308248,13518864836.285,165.04,7.34,55.9109992980957,66.8109970092773,1.52,90.0,2.5,123.1192958,7431.71463561626,0.757321291425713,34.4262295081967,21.0,21.0,2073.0,12850.61,106.61131846825,0.921
Azerbaijan,AZE,44.657,107.73999786377,57.7956013645932,25.3381239263507,6002.0,0.1,26.0,22.8,66.0,44.657,1.91,,3.24334199859821,19.9286636166698,2867487000.0,32.16,55.838,63.2960014343262,70.0550003051758,1.75,95.0,2.5,102.8610548,259.487663578963,3.75630173249661,16.8,3.5,3.5,204.0,736.71,119.208741622511,0.754
Burundi,BDI,87.294,111.919998168945,79.1666666666667,46.7289719626168,10003.0,1.2,548.0,61.5,114.0,87.294,88.12,,0.0489516469819249,38.8962679482295,316473.449369742,,55.59,79.8610000610352,78.0110015869141,5.502,91.0,,54.68367609,4.61808015324637,1.8706521577989,36.3636363636364,4.0,4.0,3.0,13.19,421.61253894081,0.431
Belgium,BEL,2.039,101.910003662109,43.8243064729194,27.6089828269485,240000.0,,5.0,4.1,9.2,2.039,9.64,,8.15109567890864,12.8865184713072,-37288840312.4529,87.45,4.651,48.7330017089844,59.1759986877441,1.65,98.0,2.5,99.45303522,8300.54404519041,0.883680594960214,38.0,4.5,4.5,1001.0,16278.27,375.66571994716,0.93
Benin,BEN,53.232,105.330001831055,35.0301525363604,24.8315005321036,-10000.0,1.0,397.0,93.2,58.0,53.232,45.38,,0.614754528204892,38.9999587632257,200902719.348049,4.89,86.096,69.8460006713867,73.4560012817383,4.906,76.0,7.2,78.50459562,4.20574429504209,0.920613124425981,7.2289156626506,8.0,9.0,,209.42,99.1059950336999,0.541
Burkina Faso,BFA,71.257,92.5400009155273,44.2251461988304,21.9298245614035,-125000.0,0.8,320.0,94.1,49.0,71.257,69.08,,0.222474208149502,42.9355925055958,2572690.32188177,3.97,104.329,57.7480010986328,73.5810012817383,5.271,91.0,12.4,93.50365342,1.92776246798612,1.55627317925717,11.0236220472441,13.0,13.0,,216.88,70.150716374269,0.443
Bangladesh,BGD,64.142,107.860000610352,70.5794729968503,59.5938388261504,-1847503.0,,173.0,34.2,221.0,64.142,28.36,,0.496851846843868,60.8457845768598,1810395803.56746,8.36,82.962,36.109001159668,80.1350021362305,2.062,98.0,12.5,94.5264735,65.2094595410811,1.24025612590731,20.2857142857143,19.5,19.5,61.0,2990.72,1226.74518706307,0.625
Bulgaria,BGR,25.331,106.230003356934,46.3294030950626,32.1396462785556,-24001.0,,10.0,7.3,25.0,25.331,17.12,,6.2012902397538,19.1491323370921,2007290000.0,94.67,39.86,49.5040016174316,61.6510009765625,1.56,92.0,3.1,120.1404474,32308.3256559157,1.226243678323,23.75,23.0,23.0,202.0,2808.03,65.1800571112749,0.813
Bahrain,BHR,10.814,122.360000610352,11.025641025641,2.05128205128205,239000.0,,14.0,7.3,12.0,10.814,0.0,,20.4273276797405,70.8162076823101,518882978.723404,,13.368,43.7910003662109,86.3359985351563,2.01,97.0,,158.2568089,359.419226719908,4.33877531046373,7.5,8.0,9.0,8.0,259.34,1915.48333333333,0.852
"Bahamas, The",BHS,17.075,100.319999694824,1.3986013986014,0.799200799200799,4999.0,1.3,70.0,13.3,15.0,17.075,1.44,,5.68436348567763,17.3677204858567,304587573.117333,122.95,30.001,69.8990020751953,75.6119995117188,1.762,94.0,,92.60913413,1508.8448168823,,12.8205128205128,21.5,21.5,4.0,20.4,38.1367632367632,0.812
Bosnia and Herzegovina,BIH,52.124,94.6999969482422,43.515625,20.703125,-107926.0,,10.0,6.1,29.0,52.124,18.52,,6.76705064163926,27.7476689647337,509429047.915133,53.89,9.642,32.3470001220703,52.798999786377,1.276,75.0,2.5,102.6423792,1499.0150778718,0.864182657718917,21.4285714285714,80.0,80.0,87.0,724.8,65.4596484375,0.777
Belarus,BLR,21.866,102.830001831055,41.8444258337849,28.2132124735209,43648.0,0.4,2.0,3.6,37.0,21.866,7.29,,5.92135145960453,18.7655799063811,1276300000.0,55.67,14.507,58.5820007324219,71.4120025634766,1.541,97.0,2.5,120.7921902,2269.27000337985,1.14628901484848,34.5454545454545,9.0,9.0,434.0,1064.9,46.5983004088871,0.823
Belize,BLZ,54.399,104.809997558594,7.54055238930294,3.94563787812363,6000.0,1.3,36.0,13.7,36.0,54.399,36.25,,1.70314679181661,23.0118921090113,31831615.5013862,38.51,68.487,48.8479995727539,79.5419998168945,2.346,88.0,6.7,63.72026431,8002.12893353736,1.25536491469368,9.375,48.0,48.0,,11.38,16.4741341516879,0.714
Bolivia,BOL,30.92,102.080001831055,34.6053724729992,3.91488968891351,-47520.0,0.2,155.0,28.6,111.0,30.92,7.27,,2.03254701906654,21.5689865956858,712474137.775022,39.66,64.9,59.1590003967285,78.161003112793,2.777,84.0,12.5,97.94841441,109.534182214311,1.53627769434853,53.0769230769231,41.0,41.0,59.0,88.05,10.3321822209914,0.714
Brazil,BRA,13.691,107.419998168945,28.3410663137971,6.67158004053533,106000.0,0.5,60.0,15.4,44.0,13.691,45.33,,2.19641817319378,12.7066294740724,68885491315.23,107.87,59.111,52.6240005493164,72.6279983520508,1.739,89.0,2.5,106.4644877,1581.63859997284,1.41448561149999,10.7212475633528,82.465,82.465,5480.0,58022.38,24.8660377787402,0.762
Barbados,BRB,68.841,103.26000213623,23.2558139534884,16.2790697674419,-397.0,,27.0,13.4,0.0,68.841,5.13,,4.1225730011561,23.0801758047572,206157362.7,26.3,33.55,60.5060005187988,68.6050033569336,1.615,90.0,4.3,115.1391179,768.615339465952,,16.6666666666667,16.0,16.0,,48.84,665.648837209302,0.81
Brunei Darussalam,BRN,22.688,98.5299987792969,2.73244781783681,0.94876660341556,0.0,,31.0,11.0,64.0,22.688,0.01,,17.1739134657453,5.90306546792381,467927550.316567,69.59,10.272,56.2879981994629,68.6429977416992,1.881,99.0,2.5,128.3313662,1620.80281567373,2.86516990658642,9.09090909090909,12.0,13.0,8.0,214.24,80.546679316888,0.836
Bhutan,BTN,59.833,105.48999786377,13.4490352348993,2.4774538590604,1600.0,0.2,183.0,30.7,145.0,59.833,83.63,,1.30103026653714,37.926503204094,-16553759.9525493,39.45,20.184,54.6430015563965,69.8830032348633,1.994,98.0,,97.99614519,118.031608328203,,8.51063829787234,12.0,12.0,,44.3,19.5460098573826,0.649
Botswana,BWA,31.3,94.9800033569336,45.6330174862809,0.458066451396609,14999.0,21.4,144.0,47.8,300.0,31.3,26.12,,3.32414843012488,23.094386181065,260575129.351448,35.42,46.061,55.6720008850098,64.8899993896484,2.91,95.0,28.9,146.9601556,68.4783653715337,3.00587880312343,9.52380952380952,48.0,48.0,3.0,234.51,3.89087572565419,0.73
Central African Republic,CAF,59.02,103.730003356934,8.15435487495586,2.88933834151979,-200000.0,3.5,829.0,114.5,540.0,59.02,91.58,,0.0478674712480566,56.8284973827312,6888751.401,1.38,129.074,63.7639999389648,80.2639999389648,4.796,42.0,46.1,25.57404521,0.435158831885741,1.43596760684367,8.57142857142857,22.0,22.0,,18.96,7.37748081800379,0.395
Canada,CAN,18.65,108.199996948242,6.47185517071381,4.29519975818658,1210159.0,,10.0,5.2,5.6,18.65,22.47,,15.5445710376544,6.42838313258525,25357801000.497,228.42,8.387,61.4809989929199,70.161003112793,1.54,91.0,2.5,86.28149306,26565.2683156842,1.35160223192956,26.2686567164179,1.5,1.5,4053.0,60214.84,4.07616632034255,0.928
Switzerland,CHE,26.239,97.7399978637695,38.2882339141862,10.0765183142132,259999.0,0.2,5.0,4.2,7.2,26.239,24.99,,4.57888468817908,10.3031001048906,143235966548.555,97.93,2.763,62.5999984741211,74.4589996337891,1.52,96.0,2.5,131.1359393,32951.9962517038,0.656917773004311,32.5,10.0,10.0,1337.0,22420.65,213.883833978261,0.955
Chile,CHL,12.51,99.1100006103516,21.1920939515717,1.72420285878752,558539.0,0.5,13.0,7.4,17.0,12.51,24.11,,4.71401998354799,21.0362990619754,6127820993.23861,51.6,41.052,48.742000579834,71.5660018920898,1.678,93.0,3.0,124.5944777,7258.19397323344,1.93582929978579,,7.5,7.5,425.0,6791.32,24.8414795866217,0.849
China,CHN,42.04,102.870002746582,56.0793505508419,12.6785032793826,-1741996.0,,29.0,9.2,62.0,42.04,13.13,,7.23098503140634,52.6645958291981,166083755721.649,84.43,7.635,63.2919998168945,75.9919967651367,1.683,99.0,2.5,103.4384208,207.64925172699,1.74645507017874,24.2476060191518,24.9,24.9,1245709.0,473438.51,148.144225437905,0.755
Cote d'Ivoire,CIV,49.674,111.48999786377,66.6666666666667,11.0062893081761,-40000.0,2.5,617.0,86.0,148.0,49.674,62.54,,0.432123221389145,25.8862663364222,975014998.795493,7.1,117.627,46.1720008850098,65.6630020141602,4.704,83.0,15.0,129.9121104,8.6752006907424,1.32959989389096,10.5882352941176,8.0,8.0,,197.66,76.8474056603774,0.534
Cameroon,CMR,44.223,103.040000915527,20.6257536333058,13.1158638488714,-24000.0,3.4,529.0,80.6,194.0,44.223,79.17,,0.373279082746811,72.7930962237353,814458940.927625,4.37,105.8,70.6559982299805,81.5820007324219,4.639,74.0,5.6,81.96421137,8.54837586964459,1.17379348253472,31.1111111111111,16.0,17.0,,800.58,51.96858539062,0.56
"Congo, Dem. Rep.",COD,56.12,105.849998474121,13.8947089830396,5.20500209523389,119303.0,0.8,473.0,89.6,322.0,56.12,96.7,,0.0350128150547809,44.9092635986842,1047979482.55526,1.35,124.22,62.4669990539551,69.6449966430664,6.017,57.0,40.2,43.45919307,2.55532132459258,0.770467135721514,8.94308943089431,7.0,7.0,,135.94,35.9051476588518,0.478
"Congo, Rep.",COG,33.541,103.639999389648,31.1215226939971,1.61054172767204,-20000.0,3.3,378.0,49.1,376.0,33.541,69.73,,1.05856316920362,46.6382202758892,4416953734.0,9.5,112.229,66.7839965820313,69.125,4.482,69.0,36.0,98.92979331,4.69602897919483,4.20937535258866,11.2582781456954,49.0,50.0,,74.33,14.9654494875549,0.573
Colombia,COL,19.554,121.400001525879,44.6137899954935,5.42496620099144,1023981.0,0.4,83.0,14.6,33.0,19.554,32.53,,1.53322913611766,16.5272102219124,13700880445.1998,42.02,66.651,57.7350006103516,80.7770004272461,1.825,92.0,7.1,127.2136962,462.892500740751,3.20906243683398,18.6746987951807,11.0,11.0,595.0,6681.57,44.0827796304642,0.764
Comoros,COM,71.216,99.1399993896484,70.3922622246104,35.4648038688877,-10000.0,0.1,273.0,67.9,35.0,71.216,56.42,,0.344026835557745,20.5468245996681,3919473.02500831,5.1,65.351,32.8489990234375,55.6889991760254,4.275,91.0,,57.6137866,4.91466905847227,,6.06060606060606,16.0,16.0,,3.84,437.340139709833,0.552
Costa Rica,CRI,21.44,105.75,34.8511555033294,4.92557775166471,21000.0,0.3,27.0,8.7,9.6,21.44,36.2,,1.66870208494458,15.7259203021082,2924906990.98245,64.25,53.46,43.9990005493164,72.5999984741211,1.772,96.0,3.1,178.5944273,1161.4246998205,0.0,35.0877192982456,22.5,22.5,19.0,496.72,96.9438895417156,0.808
Cuba,CUB,23.023,103.900001525879,60.6936416184971,28.0211946050096,-72000.0,0.4,36.0,5.4,7.2,23.023,22.0,,2.31408498804535,19.7060474004201,,,51.592,42.234001159668,70.2720031738281,1.637,99.0,2.5,40.68858498,8.46616466425704,2.87240323946139,48.8562091503268,,,29.0,1117.6,109.241377649326,0.781
Cyprus,CYP,33.164,104.0,13.1406926406926,10.2088744588745,25000.0,,6.0,2.8,5.1,33.164,11.03,,6.23895373215257,17.2944061994662,14406568776.0425,48.52,4.582,56.6459999084473,66.6650009155273,1.337,97.0,2.5,136.1722981,17363.9573275917,1.58311130576663,17.8571428571429,6.0,6.0,8.0,1193.38,127.671536796537,0.885
Czech Republic,CZE,26.325,94.9499969482422,45.6029011786038,32.327418728144,110057.0,,3.0,3.2,5.4,26.325,14.46,,9.61164734090237,16.0712453523646,11234740946.0941,55.64,11.972,52.2939987182617,68.5449981689453,1.69,96.0,2.5,118.7512323,25419.9420488373,0.956655421726352,22.0,24.5,24.5,794.0,16782.25,137.21587877218,0.898
Germany,DEU,22.739,97.5,47.7631164667831,33.694936600166,2719112.0,0.1,7.0,3.9,7.4,22.739,15.22,,8.85829384674551,12.028767360745,109505815446.82,129.53,8.095,55.9269981384277,66.7239990234375,1.57,93.0,2.5,132.7148699,34181.2784354313,1.15404940702975,30.7475317348378,8.0,8.0,47785.0,107803.17,236.588722557747,0.946
Djibouti,DJI,22.352,122.849998474121,73.4253666954271,0.0862812769628991,4501.0,1.0,248.0,61.8,272.0,22.352,24.13,,0.44486811448679,45.5496175977411,164929861.974668,12.1,18.841,17.6030006408691,45.4420013427734,2.785,76.0,16.4,39.51407638,22.2434064188116,,10.7692307692308,14.0,14.0,,5.13,40.7290767903365,0.518
Dominica,DMA,29.819,99.6600036621094,33.3333333333333,8.0,,,,33.5,1.6,29.819,9.84,,2.37895328558829,19.4931537608634,22677207.693769,36.28,,,,,91.0,5.3,105.2786252,6968.93366918556,,25.0,12.0,12.0,,12.5,95.28,0.738
Denmark,DNK,12.243,102.110000610352,65.782225,59.258875,75998.0,0.1,4.0,4.0,5.1,12.243,35.2,,5.74676773694188,10.0296534385694,3607276299.51791,49.17,4.123,57.6129989624023,65.9229965209961,1.75,98.0,2.5,124.5728833,43757.82743392,1.13823325447046,37.4301675977654,3.5,3.5,1490.0,14345.19,144.1245,0.939
Dominican Republic,DOM,19.723,107.889999389648,50.2794452494308,18.1535913889464,-150000.0,0.9,95.0,34.9,46.0,19.723,16.87,,2.24005998196542,13.726321150433,3597900000.0,39.37,94.26,48.9599990844727,75.9820022583008,2.367,84.0,6.4,83.41139781,98.1631412433484,0.6660634439633,26.8421052631579,16.5,16.5,20.0,54.06,217.617698199131,0.751
Algeria,DZA,27.948,103.269996643066,17.3550108093197,3.13670004421136,-50002.0,0.1,112.0,24.3,70.0,27.948,0.14,,3.82563798779582,38.8840106983002,1230243450.87889,9.13,10.071,16.8190002441406,66.5739974975586,3.045,91.0,2.7,110.7672465,63.3257382715586,5.92438332688534,25.7575757575758,18.0,18.0,149.0,5201.61,17.3776972391205,0.746
Ecuador,ECU,36.33,93.2099990844727,22.507650185215,4.15928490900306,182000.0,0.3,59.0,14.4,43.0,36.33,17.05,,2.29664472037772,14.8861006610676,629542412.259198,33.56,79.261,56.1549987792969,80.3280029296875,2.451,85.0,10.7,87.28679711,209.944906738946,2.36126338358467,37.956204379562,48.5,48.5,16.0,1604.01,67.5847801578354,0.762
Eritrea,ERI,,101.370002746582,75.1683168316832,6.83168316831683,-199290.0,0.6,480.0,43.3,99.0,,75.37,,0.210964661841308,48.0301986806015,55468000.0,,52.553,72.9359970092773,87.1460037231445,4.112,95.0,,20.36395515,0.0,,22.0,84.0,84.0,,13.65,33.7910297029703,0.456
Spain,ESP,19.92,101.669998168945,52.6387138276281,24.529740774323,200000.0,0.4,4.0,3.3,11.0,19.92,15.71,,5.65425445459575,9.69792786284953,31565354023.7858,111.8,7.725,52.6310005187988,63.890998840332,1.31,95.0,2.5,112.5612499,7247.03903373442,1.23069077613875,39.1428571428571,13.0,13.0,2167.0,55432.15,93.2709101549633,0.905
Estonia,EST,31.283,99.5599975585938,23.0503795721187,15.7349896480331,19555.0,0.8,9.0,2.6,15.0,31.283,27.53,,12.68422804928,6.73212401545877,1735775304.25104,67.77,7.698,57.048999786377,71.3740005493164,1.59,93.0,2.5,144.3413244,29131.217625233,2.00773352126725,26.7326732673267,3.5,3.5,37.0,1559.0,30.3055900621118,0.889
Ethiopia,ETH,79.69,105.970001220703,33.2425085304287,14.1410456345114,150002.0,1.0,401.0,55.9,164.0,79.69,90.22,,0.148684311066384,38.9787377576037,4017159564.65434,,66.727,74.6389999389648,87.1709976196289,4.35,68.0,14.0,37.2180717,0.714286211063718,0.666369217322697,38.7568555758684,33.0,33.0,14.0,1657.99,94.21926014294,0.478
Finland,FIN,14.675,98.0100021362305,7.4690708081074,7.3769413003422,70000.0,,3.0,2.4,4.9,14.675,44.48,,7.81015415482472,5.86133100081928,17149122038.4331,32.47,5.813,55.1889991760254,62.7379989624023,1.49,89.0,2.5,129.9132285,22324.1144951885,1.35349860356831,42.0,17.0,17.0,1390.0,10768.81,18.1238944459068,0.937
Fiji,FJI,44.258,112.540000915527,23.2621784345922,9.0311986863711,-31008.0,0.2,34.0,25.5,51.0,44.258,28.55,,1.88042757066777,10.8401599042944,387602565.305446,52.65,49.353,38.2960014343262,76.2300033569336,2.788,99.0,6.3,117.8305767,149.294554737538,1.40484422392375,16.0,40.0,40.0,,135.47,48.0273672687466,0.742
France,FRA,19.82,101.370002746582,52.410066897145,33.7213605158915,182636.0,,8.0,4.3,9.0,19.82,14.12,,4.74954259812627,11.8149636162893,35868111746.0378,102.19,4.727,51.3050003051758,60.3740005493164,1.89,96.0,2.5,106.4394347,14819.4761291503,1.90864201234437,38.9948006932409,3.5,3.5,14415.0,70100.94,122.211970625889,0.898
"Micronesia, Fed. Sts.",FSM,77.392,101.050003051758,31.4285714285714,2.85714285714286,-2999.0,,88.0,27.0,156.0,77.392,1.41,,1.61491469798905,11.2833994444834,,13.19,13.924,,,3.098,73.0,,20.73767035,161.491463381811,,0.0,16.0,16.0,,6.58,159.23,0.618
Gabon,GAB,11.024,103.809997558594,8.54100205689448,1.26130321729344,16301.0,3.4,252.0,45.5,529.0,11.024,90.1,,2.58134877349902,44.3855484644179,1314029330.0,,96.227,39.7470016479492,56.9620018005371,4.008,75.0,16.0,128.9816609,28.0897243913732,1.81048953464601,17.0940170940171,33.0,33.0,,62.92,8.01339698063414,0.697
United Kingdom,GBR,16.857,102.199996948242,72.1950667548465,25.1431380977969,1303250.0,,7.0,4.4,8.8,16.857,9.7,,5.55565151375079,10.4726903888942,125358809934.121,127.94,13.37,57.7900009155273,68.25,1.74,94.0,2.5,118.5404012,21195.885324026,1.94632499636255,32.0,4.5,4.5,13301.0,99128.72,273.049472988054,0.928
Georgia,GEO,41.769,89.0599975585938,34.3186069938121,4.6625413728594,-50000.0,0.3,25.0,9.9,86.0,41.769,28.03,,2.60997561757882,22.1960546181194,1920628293.25,76.03,46.408,56.6230010986328,77.1839981079102,2.062,91.0,8.3,137.2607838,2360.24424866497,1.96974296903126,16.0,2.0,2.0,75.0,547.49,65.2227859617201,0.805
Ghana,GHA,44.593,108.180000305176,64.9993847235651,20.6557088863497,-50000.0,1.8,308.0,50.1,152.0,44.593,44.43,,0.584105257513214,34.713514102152,3254990000.0,11.29,66.611,65.1139984130859,73.1549987792969,3.926,99.0,7.1,126.2016214,94.2260320428945,0.401629020725549,12.7272727272727,14.0,14.0,15.0,1074.54,127.983932495385,0.606
Guinea,GIN,64.207,110.610000610352,59.0102555754517,12.6159856747518,-20000.0,1.5,576.0,102.6,176.0,64.207,71.96,,0.276776091630565,26.062490198745,577590000.0,2.45,135.294,63.7019996643066,63.7879981994629,4.777,47.0,,96.95447755,1.57447481320928,1.76812250574436,21.9298245614035,15.0,15.0,,38.02,49.1108416083347,0.473
"Gambia, The",GMB,39.401,95.3499984741211,59.7826086956522,43.4782608695652,-15436.0,1.8,597.0,55.1,166.0,39.401,48.02,,0.243913465584567,33.9826385538147,64338516.0351372,8.85,78.185,50.3219985961914,67.6569976806641,5.281,92.0,11.9,133.9723898,47.8793080084918,,10.3448275862069,25.0,25.0,,47.17,218.764822134387,0.487
Guinea-Bissau,GNB,57.055,101.169998168945,28.6866998577525,10.6685633001422,-6996.0,3.4,667.0,85.5,361.0,57.055,86.8,,0.169570702987719,29.774702280636,15691197.9520896,4.85,104.823,64.5019989013672,78.8570022583008,4.553,79.0,,78.4851311,2.73501131747683,1.42457857716426,13.7254901960784,8.0,9.0,,16.33,65.0123044096728,0.472
Equatorial Guinea,GNQ,28.354,106.150001525879,10.1247771836007,4.27807486631016,79998.0,7.1,301.0,86.9,286.0,28.354,3.54,,4.5958505736373,53.2406210371101,304827249.5,10.23,155.622,51.0849990844727,59.2639999389648,4.599,53.0,,44.85832828,0.0,1.10036882579998,,33.0,33.0,,3.33,44.9913725490196,0.582
Greece,GRC,21.276,99.7699966430664,47.3390224980605,16.5865011636928,-80000.0,0.2,3.0,4.3,4.7,21.276,16.38,,6.21125028945613,16.2182663806558,3439131879.75518,61.56,7.223,44.6710014343262,59.8880004882813,1.35,99.0,2.5,122.4009386,3695.69375338864,2.55989389632604,18.3333333333333,12.5,12.5,498.0,10986.92,83.4342823894492,0.881
Grenada,GRD,63.836,100.709999084473,23.5294117647059,8.82352941176471,-1000.0,,25.0,16.6,3.1,63.836,11.48,,2.61558157598129,22.722687475907,155662145.333704,41.19,29.177,,,2.083,96.0,,102.0771326,234.500423904612,,33.3333333333333,15.0,15.0,,53.06,326.1,0.773
Guatemala,GTM,49.32,99.5199966430664,35.9835759611795,8.04404628592759,-46073.0,0.3,95.0,26.4,25.0,49.32,65.09,,1.02999746104839,24.0706489340746,998344470.0,37.91,70.93,38.9010009765625,84.6009979248047,2.92,82.0,16.3,118.1585424,71.79523774418,0.402560936246118,12.6582278481013,26.5,26.5,3.0,103.77,150.125214632325,0.657
Guyana,GUY,73.462,101.360000610352,6.30962661925324,2.13360426720853,-30001.0,1.4,169.0,31.2,84.0,73.462,22.18,,3.1862005637256,22.3755746295002,327343651.21783,20.23,74.382,41.6069984436035,66.9700012207031,2.485,97.0,6.0,82.97107151,32.2489931864327,1.65039772772454,31.8840579710145,18.0,18.0,,15.74,3.93811531623063,0.68
"Hong Kong SAR, China",HKG,0.0,98.7099990844727,4.85714285714286,2.95238095238095,146542.0,,,,68.0,0.0,0.2,,,,125716724339.795,50.43,2.705,55.0499992370605,68.3150024414063,1.125,,2.5,251.7650057,10482.7408970405,,,1.5,1.5,324.0,,7041.14285714286,0.946
Honduras,HND,43.543,105.900001525879,29.940119760479,9.1160961658772,-34000.0,0.3,65.0,18.0,37.0,43.543,45.92,,0.982074930075613,20.6288506487651,949955941.517779,23.72,72.912,45.9210014343262,83.2419967651367,2.496,90.0,13.2,87.32089987,79.5417040335916,1.72440517780481,,42.0,42.0,4.0,43.62,84.2704084368576,0.633
Croatia,HRV,43.333,93.5100021362305,26.4534370030041,14.4371797137303,-40004.0,0.1,8.0,4.8,10.0,43.333,29.79,,4.22108594829621,17.9017722884016,460160214.941726,140.01,8.681,45.5960006713867,58.2430000305176,1.42,92.0,2.5,103.1730226,14607.9639115332,1.66530143649465,18.5430463576159,22.5,22.5,148.0,4227.47,72.8844495493904,0.848
Haiti,HTI,45.654,95.0400009155273,66.7634252539913,38.8243831640058,-175000.0,2.0,480.0,66.0,181.0,45.654,76.17,,0.30321331673819,15.0198243767223,374860000.0,2.26,51.676,62.3650016784668,69.7519989013672,2.986,64.0,48.0,57.41806456,4.55275260788498,0.0008810297312429,2.54237288135593,97.0,97.0,,41.52,398.489368650218,0.508
Hungary,HUN,28.938,98.5,58.1087004163927,47.3701512163051,29999.0,,12.0,4.4,7.7,28.938,14.54,,4.744601547115,15.9260481922424,-12133055292.6452,60.93,23.979,48.3849983215332,65.1900024414063,1.54,99.0,2.5,102.2119005,13627.1417371086,1.02665762335845,10.0502512562814,7.0,7.0,496.0,6645.69,107.253626999781,0.85
Indonesia,IDN,45.341,111.970001220703,33.1820876379946,14.0078475903573,-494777.0,0.4,177.0,25.6,319.0,45.341,26.15,,1.95472553635055,16.5026533008949,20510310832.4469,55.14,47.374,51.9640007019043,81.5400009155273,2.336,85.0,6.4,164.44059,1280.6490045385,0.865191376221992,19.8214285714286,24.54,24.54,2271.0,14579.71,140.957811345717,0.712
India,IND,66.4,108.879997253418,60.4313885086389,52.6088141020251,-2663434.0,,145.0,38.6,204.0,66.4,32.41,,1.7333608444622,90.8732104688993,39966091358.7384,22.0,13.177,20.9340000152588,74.3489990234375,2.243,89.0,13.8,87.31773719,123.099916712606,2.53146258766694,11.8081180811808,29.765,29.765,14961.0,121631.31,450.24932109956,0.642
Ireland,IRL,37.053,109.430000305176,65.1618522281899,6.69182755116853,118020.0,0.2,5.0,3.4,7.3,37.053,10.1,,7.85873717272184,8.20857673526837,58300808407.7812,89.58,7.515,55.6479988098145,68.5469970703125,1.77,95.0,2.5,103.0630014,38597.4670652754,0.304141143329011,22.1518987341772,11.0,11.0,62.0,7108.63,69.7835389751778,0.951
"Iran, Islamic Rep.",IRN,25.606,97.3399963378906,28.2141015250866,9.01728922615978,-274998.0,0.1,16.0,14.4,14.0,25.606,0.98,,7.76484186444759,38.9787602813703,5019000000.0,77.52,40.635,17.3509998321533,69.7649993896484,2.116,99.0,5.2,107.8997933,225.698803558346,3.10518416947631,5.88235294117647,72.0,73.0,15264.0,46727.38,49.5308627422088,0.785
Iraq,IRQ,29.722,79.3199996948242,21.307079939557,11.5173405078686,39171.0,,79.0,27.9,33.0,29.722,0.57,,4.12965337490792,61.6362357139826,-5032400000.0,2.85,71.733,11.1929998397827,72.5009994506836,3.762,81.0,37.9,88.98326332,10.4120096113234,3.86203201910565,25.3048780487805,26.0,27.0,613.0,2259.36,86.5016515866288,0.671
Iceland,ISL,6.227,107.98999786377,18.6733167082294,1.2069825436409,1900.0,0.1,4.0,2.1,4.5,6.227,80.08,,4.86313324718888,6.48114726265749,-6999892980.93709,88.81,6.269,72.3190002441406,80.9690017700195,1.71,89.0,2.5,119.9878586,57638.322655795,,38.0952380952381,11.5,11.5,36.0,629.31,3.42543640897756,0.946
Israel,ISR,7.664,101.349998474121,28.7892791127542,17.8835489833641,50002.0,,3.0,3.8,3.3,7.664,3.86,,7.52986820267311,21.3811022400146,16892500000.0,121.38,9.607,59.2509994506836,68.9400024414063,3.11,98.0,2.5,127.8529153,6967.62420667256,5.52874121005764,27.5,11.0,11.0,1436.0,12270.41,402.647874306839,0.916
Italy,ITA,29.856,98.0699996948242,43.6070238661862,22.9015774801115,744713.0,0.3,2.0,3.3,7.3,29.856,16.43,,5.43785758887894,16.7507119446607,11138429977.1854,92.38,5.24,40.943000793457,59.3639984130859,1.32,95.0,2.5,138.2337679,7744.06154123773,1.35737055917772,30.952380952381,11.0,11.0,8643.0,71485.25,205.809169103148,0.89
Jamaica,JAM,44.622,102.75,40.9972299168975,11.0803324099723,-56658.0,1.4,80.0,14.6,5.2,44.622,10.98,,2.47188480543721,13.4041505299481,888835228.478601,33.57,52.757,59.0730018615723,71.2679977416992,1.993,93.0,8.8,105.8330321,137.288896923085,0.972264314134326,17.4603174603175,3.0,3.0,11.0,166.37,269.69972299169,0.734
Jordan,JOR,9.253,95.8000030517578,11.3426447398063,2.10633025456184,51099.0,0.1,46.0,16.4,6.7,9.253,5.26,,2.67222840538271,33.0060811782318,2029718309.85915,27.5,25.877,16.9610004425049,62.9329986572266,2.849,99.0,7.7,99.15637314,108.013210925174,4.76490329723558,15.3846153846154,12.0,13.0,26.0,1962.14,110.225726514981,0.728
Japan,JPN,8.465,99.7900009155273,12.1920438957476,11.4156378600823,357800.0,0.1,5.0,2.6,15.0,8.465,6.92,,9.09830498431741,11.7047781866642,18802251208.1069,127.66,3.78,51.0950012207031,70.4940032958984,1.43,99.0,2.5,135.5186644,5971.46615001733,0.931980258561407,10.1075268817204,11.15,11.15,260292.0,101084.19,348.345679012346,0.917
Kazakhstan,KAZ,42.664,111.029998779297,80.0880838611697,10.9853317035226,-90000.0,0.2,10.0,10.5,69.0,42.664,2.02,,11.8961451695073,13.8242883553909,4757396810.52606,74.59,29.75,63.2019996643066,75.9820022583008,2.75,99.0,2.6,147.6397785,1232.24725708979,0.83189500166368,27.1028037383178,9.0,9.0,1055.0,1958.82,6.68140015557284,0.819
Kenya,KEN,73.438,100.430000305176,48.5469304564782,10.1908142109147,-50000.0,4.7,342.0,45.9,319.0,73.438,71.3,,0.377928443573078,28.5783742715702,1346079596.07794,9.43,75.078,71.6439971923828,77.0009994506836,3.572,82.0,24.6,85.25315693,36.5782174703859,1.28911097816314,21.7765042979943,23.0,23.0,135.0,1179.58,88.2404083353832,0.599
Kyrgyz Republic,KGZ,63.865,106.23999786377,54.9535974973931,6.71428571428571,-20000.0,0.2,60.0,20.1,124.0,63.865,24.55,,1.52140949068694,22.737768057102,-107212800.0,33.61,32.763,45.9049987792969,75.0210037231445,3.0,92.0,7.7,136.8066442,103.09444677487,1.57601108875052,19.1666666666667,10.0,10.0,137.0,107.1,32.3159541188738,0.696
Cambodia,KHM,77.02,111.51000213623,31.5318377520961,22.1561296170406,-149999.0,0.6,160.0,29.0,329.0,77.02,56.25,,0.792658642786172,25.6142918675755,2788084321.65816,16.72,50.177,76.4209976196289,86.8529968261719,2.53,93.0,7.7,116.0128584,55.1550515937093,2.07138350098391,20.3252032520325,99.0,99.0,,120.26,90.6946125084976,0.585
Kiribati,KIR,46.738,101.050003051758,41.9753086419753,2.46913580246914,-3999.0,,92.0,54.5,422.0,46.738,41.15,,0.788415578883417,10.6408558565694,784797.254894666,,16.177,,,3.61,90.0,3.5,40.4027751,26.2805182518199,,6.52173913043478,31.0,31.0,,2.54,140.92962962963,0.628
St. Kitts and Nevis,KNA,69.227,94.0400009155273,23.0769230769231,19.2307692307692,,,,16.2,2.2,69.227,1.6,,4.61219145659893,,48026116.1448074,88.44,,,,,98.0,,147.7144779,3113.22930279038,,13.3333333333333,18.5,18.5,,28.32,200.138461538462,0.773
"Korea, Rep.",KOR,18.497,97.370002746582,17.1951594708235,14.323659111886,58657.0,,11.0,3.3,70.0,18.497,2.84,,12.2002860229015,25.0394253880491,17912900000.0,272.59,1.379,53.0289993286133,73.9869995117188,1.052,97.0,2.5,124.5854293,1198.94292873955,2.42148913266294,17.0,8.0,8.0,159084.0,63979.21,526.734806686494,0.914
Kuwait,KWT,0.0,108.870002746582,8.49607182940516,0.482603815937149,197600.0,,12.0,8.7,28.0,0.0,0.02,,22.368767688025,60.7451595380732,113012065.007347,65.98,8.194,50.7299995422363,88.8040008544922,2.083,99.0,2.5,176.0024349,484.208730451059,5.60746068078644,3.07692307692308,38.0,39.0,,861.13,227.615151515152,0.807
Lao PDR,LAO,65.632,98.4199981689453,10.5892547660312,6.93240901213172,-73518.0,0.3,185.0,49.4,168.0,65.632,50.58,,2.73981221097109,25.1095383439169,1693080810.93877,25.74,65.41,75.9189987182617,78.8519973754883,2.709,84.0,5.6,53.38406897,16.3957272734725,,27.5167785234899,174.0,174.0,3.0,76.98,30.1257842287695,0.609
Lebanon,LBN,11.571,106.300003051758,64.3206256109482,12.9032258064516,-150060.0,0.1,29.0,7.7,10.0,11.571,3.97,,4.29951546789187,30.6211105076066,2522409653.4,37.99,14.5,21.4109992980957,65.9130020141602,2.097,83.0,6.7,64.50864324,119.219171615924,4.50513980065137,3.125,15.0,15.0,,1537.56,666.605376344086,0.747
Liberia,LBR,49.303,98.3199996948242,19.9727990033223,5.19102990033223,-25000.0,1.3,661.0,84.3,308.0,49.303,84.77,,0.272211611226894,17.9841124551525,247842983.01405,2.73,135.962,71.9980010986328,81.8119964599609,4.387,80.0,36.6,56.56895266,1.91398793422006,0.940009270135755,9.85915492957746,6.0,6.0,,24.52,48.8187707641196,0.48
Libya,LBY,20.183,99.9599990844727,8.72387101174171,0.977528217602328,-9997.0,0.1,72.0,12.3,40.0,20.183,2.72,,8.38205769296354,54.2546817939319,0.0,3.66,5.769,33.9710006713867,61.0429992675781,2.277,96.0,,91.4792962,938.194784980313,,15.9574468085106,35.0,35.0,,172.36,3.74002466553758,0.721
St. Lucia,LCA,81.388,102.389999389648,17.3770491803279,4.91803278688525,0.0,,117.0,23.0,7.0,81.388,10.22,,2.92890481826847,22.4008171246298,89941452.0910667,42.93,40.536,64.693000793457,76.1100006103516,1.448,80.0,,97.64581054,193.418253156862,,16.6666666666667,11.0,11.0,3.0,2.43,296.647540983607,0.758
Liechtenstein,LIE,85.685,99.01,32.25,13.5,,,,,,85.685,55.33,,4.23224431751676,,38999586460.5875,,,,,1.44,,,122.7566138,23912.1809284486,,12.0,,,,33.89,236.28125,0.919
Sri Lanka,LKA,81.616,83.1800003051758,44.5963194545425,21.3303604607952,-489932.0,0.1,36.0,7.8,64.0,81.616,49.33,,1.08934903051444,11.0996172423996,1372723043.13402,,20.926,36.1990013122559,73.7949981689453,2.206,99.0,5.9,133.4676273,305.213579556053,2.11969664088295,5.77777777777778,9.0,9.0,277.0,1181.27,346.46890601522,0.779
Lesotho,LSO,72.27,112.970001220703,79.6442687747035,13.6363636363636,-50234.0,23.1,544.0,91.0,681.0,72.27,39.62,,0.334682896594014,28.0286535158261,42168784.1137567,14.48,92.726,57.4790000915527,72.7929992675781,3.171,87.0,26.0,113.8305187,20.0809741376178,1.95305561248552,22.1311475409836,29.0,29.0,,21.03,68.8910408432148,0.522
Lithuania,LTU,32.484,100.730003356934,46.8590859022046,33.5834357689054,-163902.0,,8.0,4.4,51.0,32.484,33.78,,3.9669029721114,11.8532823587456,1383731106.4056,46.69,10.854,55.8209991455078,66.3789978027344,1.63,94.0,2.5,153.2757272,13058.2523070439,1.71207046761202,21.2765957446809,5.5,5.5,81.0,2404.65,45.1525837710126,0.876
Luxembourg,LUX,9.273,104.660003662109,53.9744855967078,25.5300411522634,48704.0,,5.0,2.8,6.2,9.273,15.33,,15.0921628075447,10.3646374004433,-6815331955.0,115.48,4.727,54.9580001831055,63.6259994506836,1.39,99.0,2.5,134.1420148,43014.3409084811,0.580999596589669,28.3333333333333,16.5,16.5,156.0,814.16,245.405761316872,0.913
Latvia,LVA,31.925,106.110000610352,31.1222025438738,20.7696023184672,-74186.0,,19.0,4.4,32.0,31.925,42.6,,3.66585517686674,13.4264575158321,1153575224.71464,61.96,16.171,55.1590003967285,67.7839965820313,1.69,98.0,2.5,126.2941822,11948.0107586673,1.59482150331213,16.0,5.5,5.5,90.0,1602.91,31.2710996618902,0.863
Morocco,MAR,38.092,108.440002441406,67.373963701546,16.7546493390096,-257096.0,0.1,70.0,21.2,100.0,38.092,10.45,,1.78520956855919,32.5935414574286,2680109856.21237,27.21,31.034,23.128999710083,68.8539962768555,2.451,99.0,3.7,123.4247246,284.278883120965,3.18304123871317,20.5063291139241,9.0,9.0,198.0,4707.82,79.7249764732243,0.68
Moldova,MDA,57.443,115.669998168945,70.456065673457,52.8428093645485,-6935.0,0.7,19.0,15.3,95.0,57.443,26.07,,2.92542221521114,16.2510327081515,149520000.0,47.38,22.415,39.4119987487793,45.3019981384277,1.259,88.0,,92.28905501,3655.32575627242,0.319318626147296,22.7722772277228,5.0,5.0,73.0,257.06,95.9083092561005,0.746
Madagascar,MDG,63.478,98.0999984741211,70.2904778274321,5.15641113784806,-7500.0,0.2,335.0,55.5,233.0,63.478,81.32,,0.135703194535699,22.5422828750867,464856589.648809,2.8,109.59,83.7249984741211,88.9059982299805,4.13,65.0,42.3,34.14284,4.92755111542354,0.580022349565689,19.205298013245,8.0,8.0,9.0,138.99,43.9506892402888,0.527
Maldives,MDV,60.62,101.040000915527,26.3333333333333,13.0,56851.0,,53.0,8.3,34.0,60.62,1.25,,3.74699336883934,7.79582079890031,457808313.566538,29.61,7.81,38.0460014343262,68.5009994506836,1.906,99.0,,181.3288423,421.033122615321,,5.88235294117647,12.0,12.0,,7.06,1654.66,0.734
Mexico,MEX,20.133,108.209999084473,55.024048972453,12.2971269837187,-300000.0,0.3,33.0,15.2,23.0,20.133,9.99,,3.77937243640135,20.9211157874081,33225201397.0,55.62,60.365,42.7589988708496,77.2249984741211,2.157,85.0,6.1,91.62670695,185.482416893595,0.436510296383438,42.6,8.415,8.415,1334.0,16004.9,64.1875181974845,0.776
Marshall Islands,MHL,23.366,126.669998168945,47.7777777777778,11.1111111111111,,,,33.5,439.0,23.366,11.75,,3.10061507850683,10.2413322193799,5835497.47968519,6.18,,,,,80.0,,27.55864825,103.353831843316,,9.09090909090909,17.0,17.0,,0.72,322.516666666667,0.702
North Macedonia,MKD,42.252,83.620002746582,50.1982553528945,16.5344964314036,-4999.0,,7.0,9.6,13.0,42.252,19.0,,3.75511807742438,29.7269445083568,380738977.544776,59.42,15.723,42.7299995422363,67.6750030517578,1.43,91.0,2.7,96.44629481,499.879007106284,0.895041406541028,37.5,15.0,15.0,,498.61,82.2562252180809,0.77
Mali,MLI,58.428,108.51000213623,33.7660528278383,5.25409977134708,-200000.0,1.0,562.0,100.9,55.0,58.428,76.37,,0.279812002430293,38.5266061638458,560747464.368764,4.88,169.127,58.0839996337891,80.5459976196289,5.968,77.0,6.3,119.0233265,7.67052232853938,3.02663551651214,8.84353741496599,11.0,11.0,,100.89,15.1717593161721,0.431
Malta,MLT,5.45399999999999,95.379997253418,32.4375,28.34375,4501.0,,6.0,6.6,11.0,5.45399999999999,7.27,,3.2478701470014,13.9095433663149,3890244436.94056,54.81,12.879,46.935001373291,68.9290008544922,1.26,98.0,2.5,138.093955,14102.5942363125,0.490383374106291,11.9402985074627,16.0,16.0,5.0,395.95,1462.496875,0.894
Myanmar,MMR,69.678,103.230003356934,19.7164478622528,16.9451125170422,-816564.0,,250.0,48.5,355.0,69.678,59.92,,0.60881351032485,35.5574529190767,4804272487.31986,4.38,28.509,47.3269996643066,76.6669998168945,2.168,89.0,8.1,89.81715795,9.90961067574909,3.64893211419969,10.161662817552,14.0,14.0,,141.03,81.7759478545934,0.579
Montenegro,MNE,33.523,98.7600021362305,19.0557620817844,0.684014869888476,-2400.0,0.1,6.0,3.2,14.0,33.523,37.77,,3.6473304287405,20.7818135501738,560665419.031984,80.98,9.313,47.4630012512207,62.2239990234375,1.78,87.0,2.5,166.4651995,223.33873738096,1.36277638600831,23.4567901234568,12.0,12.0,,284.38,46.2730855018587,0.826
Mongolia,MNG,31.637,107.349998474121,72.8635713833453,0.849385399466266,-4262.0,0.1,45.0,17.6,428.0,31.637,3.19,,6.28816089075624,40.1128490470476,1494350363.46922,93.11,30.993,53.8870010375977,65.5029983520508,2.914,99.0,6.3,124.805205,1527.07891481373,0.765300910765107,17.1052631578947,12.0,12.0,124.0,146.56,1.9995358500603,0.735
Mozambique,MOZ,64.545,113.330001831055,52.4319031511483,7.18482158752766,-25000.0,11.9,289.0,78.0,361.0,64.545,78.9,,0.251666664682199,21.2986954591341,2319071971.47682,11.07,148.626,78.2419967651367,79.8050003051758,4.922,88.0,31.4,41.45170351,7.74895967598458,0.987964415251795,39.6,17.0,17.0,24.0,133.25,36.4315051247489,0.452
Mauritania,MRT,47.176,102.569999694824,38.4796740079558,0.388085766954497,25002.0,0.3,766.0,77.7,97.0,47.176,26.54,,0.814928939956489,47.4229917763898,588217194.758539,10.24,71.049,27.7689990997314,62.9370002746582,4.619,81.0,8.6,95.13345958,4.20307188513845,2.04227341090281,25.1700680272109,6.0,6.0,,16.07,4.15502280003881,0.542
Mauritius,MUS,59.159,97.620002746582,42.3645320197044,36.9458128078818,0.0,1.7,61.0,14.9,12.0,59.159,9.42,,3.29745153362645,14.4578273223582,479995890.3,43.49,25.735,44.5989990234375,72.8399963378906,1.44,94.0,5.9,145.4726338,379.562759516152,0.171040745755149,11.5942028985507,5.0,6.0,1.0,168.32,622.962068965517,0.801
Malawi,MWI,83.286,117.300003051758,59.9278744166313,38.1841323716589,-80263.0,9.1,349.0,46.2,162.0,83.286,75.94,,0.0673450514785243,23.5659214726087,90200000.0,4.97,132.671,73.0640029907227,82.1070022583008,4.302,88.0,16.5,43.98651266,10.4130158623621,0.764642847745728,16.6666666666667,37.0,37.0,,228.59,187.422496817989,0.478
Malaysia,MYS,24.553,102.449996948242,26.0873535230558,2.51407700502207,249999.0,0.4,29.0,8.3,94.0,24.553,5.22,,7.31787557576794,16.0358087060705,9368469822.66146,50.86,13.414,50.9580001831055,77.0970001220703,2.019,99.0,3.4,136.1163217,4917.78481388075,1.10086472559671,10.3603603603604,23.0,24.0,1166.0,22257.81,94.6725155988434,0.805
Namibia,NAM,50.995,105.930000305176,47.1401328814877,0.971711061715799,-24030.0,12.4,195.0,44.9,565.0,50.995,29.94,,1.77722430066078,25.3587653984573,280476974.998847,70.43,63.627,55.4669990539551,64.3050003051758,3.447,88.0,20.0,111.552451,119.452781397664,3.34616994997332,41.3461538461538,54.0,54.0,10.0,115.28,2.918319182791,0.645
Niger,NER,83.65,111.459999084473,36.788505565643,13.9733164916713,20001.0,0.2,509.0,86.6,90.0,83.65,82.01,,0.0884161494840941,94.0538176774282,338710710.13916,1.73,186.538,62.3190002441406,84.9810028076172,7.001,85.0,,40.63849996,0.462911785493344,2.48694577737155,16.9590643274854,8.0,8.0,,58.63,17.0540680508408,0.391
Nigeria,NGA,50.481,105.790000915527,75.7163169625701,37.3310495514784,-300000.0,1.4,917.0,122.5,219.0,50.481,82.32,,0.568440060120107,71.7981743753326,2412974916.23264,16.33,107.33,49.9339981079102,60.076000213623,5.457,55.0,10.0,75.92482161,222.812786330397,0.430671215107113,5.55555555555556,18.92,18.92,100.0,4432.57,209.573489464958,0.534
Nicaragua,NIC,41.701,111.709999084473,42.0890809373442,12.4979225527672,-106360.0,0.2,98.0,17.9,44.0,41.701,48.91,,0.858282657705677,17.6141804489581,1035400000.0,17.57,84.99,49.0859985351563,82.6839981079102,2.43,98.0,17.6,128.1139122,122.320940389607,0.623899055393545,45.6521739130435,14.0,14.0,,41.43,53.0566976898787,0.659
Netherlands,NLD,8.923,103.129997253418,54.024354024354,30.7989307989308,80000.0,0.2,5.0,4.0,5.2,8.923,6.36,,9.09213141299035,12.0344080729237,213647718972.371,44.59,3.788,58.7849998474121,69.3529968261719,1.62,94.0,2.5,120.6250011,70412.1276055238,1.15680366756712,36.0,3.5,3.5,2241.0,31048.39,508.8,0.942
Norway,NOR,18.129,101.349998474121,2.69802260586406,2.19512352770146,140000.0,,2.0,2.5,5.1,18.129,61.09,,7.14804433544094,6.95651980294718,5900604723.78859,36.37,5.141,61.4819984436035,65.9550018310547,1.62,96.0,2.5,107.9930692,14572.5727349493,1.71949716299962,41.4201183431953,4.0,4.0,1152.0,11670.76,14.4525778384356,0.956
Nepal,NPL,80.664,106.180000305176,28.7478200209278,14.7450296477154,208549.0,0.1,186.0,32.1,253.0,80.664,76.41,,0.45163909685771,99.7343737198505,196265098.563575,10.97,65.121,82.2429962158203,84.8349990844727,1.967,90.0,4.2,130.629366,158.218445824405,1.70854454316297,29.5798319327731,18.5,18.5,20.0,674.78,192.763739100105,0.596
New Zealand,NZL,13.534,97.3300018310547,40.4238350233565,1.86472219057385,74403.0,0.1,9.0,5.2,7.4,13.534,30.22,,6.84103380114172,5.95600112941562,2390035935.47737,65.57,19.27,65.5650024414063,76.5530014038086,1.81,94.0,2.5,136.1113084,14919.1873026425,1.14630692274526,38.3333333333333,0.5,0.5,1014.0,7970.15,18.2811135163875,0.928
Oman,OMN,16.44,125.150001525879,4.69117932148627,0.223909531502423,437000.0,,19.0,11.2,6.7,16.44,0.0,,15.4160182362892,41.1152382655137,2917295188.55657,37.58,13.056,30.0400009155273,88.5370025634766,2.92,99.0,8.4,148.8216278,141.879661186225,9.63578793806571,1.17647058823529,4.0,5.0,4.0,785.83,15.075689822294,0.813
Pakistan,PAK,63.558,117.089996337891,48.0009858862599,40.486197592362,-1166895.0,0.1,140.0,71.6,267.0,63.558,42.09,,0.956344699040279,58.2824187715197,2496000000.0,10.0,38.802,22.3020000457764,78.9909973144531,3.562,75.0,12.1,69.51482483,115.066308024181,3.77444886134427,20.5882352941176,19.5,19.5,193.0,11487.23,269.699836550436,0.552
Panama,PAN,32.635,103.069999694824,30.4776038855909,7.62277388019428,56000.0,0.9,52.0,15.9,57.0,32.635,23.6,,2.46666234398687,11.4000543321554,4082062468.94,70.48,81.828,49.4860000610352,75.6419982910156,2.487,81.0,7.5,128.5729731,2151.32888084146,0.0,18.3098591549296,6.0,6.0,33.0,176.81,55.4069616837561,0.812
Peru,PER,22.28,103.480003356934,18.48984375,2.725,495345.0,0.3,88.0,14.4,119.0,22.28,27.59,,1.72590905772025,24.786728048654,7413409959.49823,107.5,56.882,69.4209976196289,84.7870025634766,2.275,83.0,7.6,123.7597545,218.576982746539,1.24631280351362,27.6923076923077,41.0,41.0,100.0,1378.89,24.56585859375,0.771
Philippines,PHL,53.318,104.019996643066,41.7211657779119,18.7476942683704,-335758.0,0.1,121.0,28.5,554.0,53.318,27.68,,1.26933814075583,18.0697989132741,10256442398.8834,28.14,54.154,44.9799995422363,73.4189987182617,2.64,82.0,10.9,114.0711091,87.8458058609972,1.24707707471824,29.4520547945205,39.0,39.0,323.0,1855.39,352.728044404199,0.711
Palau,PLW,20.635,,9.34782608695652,0.652173913043478,,,,18.6,129.0,20.635,0.05,,14.5993593387196,,27484632.723017,45.85,,,,,97.0,,,224.605536526475,,12.5,28.0,28.0,,5.96,38.7152173913043,0.822
Papua New Guinea,PNG,86.898,102.330001831055,2.62774367354149,0.662456388287771,-3999.0,0.8,145.0,48.2,432.0,86.898,54.45,,0.901868435946176,12.2944182563739,161470622.807911,8.59,52.655,46.8940010070801,48.5400009155273,3.61,36.0,25.1,47.61771578,31.0498720200122,0.403221124224947,0.0,41.0,41.0,,57.68,18.6327739257166,0.549
Poland,POL,39.895,106.430000305176,47.2321107808877,35.6216728175316,-146976.0,,2.0,4.6,17.0,39.895,11.12,,8.23861537513202,20.8778222190899,11762000000.0,71.87,10.538,48.4070014953613,65.1490020751953,1.48,96.0,2.5,132.9502666,6534.93448528243,1.89493098674011,28.0434782608696,37.0,37.0,3924.0,34675.67,124.0237303635,0.877
Portugal,PRT,35.348,110.23999786377,39.1657431423406,10.3051494668448,-30001.0,0.5,8.0,3.6,20.0,35.348,24.42,,5.17751927915252,8.16075224791735,10683844360.5991,167.99,8.38,54.0740013122559,64.5449981689453,1.38,98.0,2.5,114.341985,12464.7825791482,1.68333673597554,34.7826086956522,6.5,6.5,644.0,14391.44,112.441815784188,0.86
Paraguay,PRY,38.7,109.959999084473,54.7143216712812,11.7115529826328,-82780.0,0.4,129.0,20.9,43.0,38.7,60.12,,1.17371957825559,11.9090808488171,498528922.997028,27.01,70.504,56.6459999084473,83.3499984741211,2.453,91.0,7.8,108.7550409,186.834012469386,0.892393871863996,13.75,35.0,35.0,,135.43,17.2843141203121,0.727
West Bank and Gaza,PSE,24.106,105.870002746582,,,-52816.0,,27.0,18.1,0.76,24.106,10.51,,,33.2256303758951,183950642.861711,23.88,52.766,17.367000579834,70.1070022583008,3.738,99.0,,84.17979591,547.723188781552,,,43.0,44.0,,324.96,740.000830564784,0.708
Qatar,QAT,0.921999999999997,111.370002746582,5.83115752828547,1.21845082680592,200000.0,0.1,9.0,7.0,25.0,0.921999999999997,0.07,,32.1279896721864,91.1873279323164,985989010.989011,56.95,9.922,58.3030014038086,95.8290023803711,1.886,97.0,,146.3838592,401.14110514558,,9.75609756097561,9.5,10.5,19.0,1385.2,237.138990426458,0.845
Romania,ROU,46.064,115.879997253418,58.1449930458971,37.1305632823366,-369997.0,0.1,19.0,7.9,72.0,46.064,23.35,,3.78840567563889,14.6113401886611,5952909608.10492,66.83,36.211,45.9119987487793,64.6510009765625,1.71,82.0,2.5,113.9718904,12254.4025986391,1.72107168738577,20.6686930091185,12.0,12.0,1098.0,11039.56,85.1387126216968,0.823
Russian Federation,RUS,25.708,107.400001525879,13.1584362579663,7.42809828740168,912279.0,,17.0,6.9,59.0,25.708,3.25,,11.0351974713293,16.1602238064949,28557440000.0,164.04,20.699,55.6559982299805,71.3470001220703,1.621,97.0,2.5,156.187408,3541.09721465756,4.24899605173948,15.7777777777778,10.1,10.1,22777.0,70825.09,8.8232207375402,0.823
Rwanda,RWA,82.875,113.959999084473,73.4373733279287,46.6842318605594,-44998.0,2.7,248.0,44.6,58.0,82.875,85.98,,0.0993242659369917,43.2102171630293,274025990.659944,5.66,39.114,83.8759994506836,83.088996887207,4.088,98.0,34.5,73.61026382,18.279002684259,1.26467491445117,61.25,4.0,4.0,4.0,127.1,485.648966355898,0.54
Saudi Arabia,SAU,16.378,112.129997253418,80.7694132642381,1.59883518088655,674895.0,0.1,17.0,8.1,10.0,16.378,0.02,,16.466783296664,87.9454466778152,1418843613.80048,74.1,7.324,20.1389999389648,78.5640029907227,2.373,98.0,3.7,121.4789509,166.791621918769,10.2238481379874,19.8675496688742,17.0,19.0,909.0,10041.39,15.3981192637078,0.854
Sudan,SDN,65.63,102.209999084473,36.8725522947601,10.7196314288324,-250001.0,0.2,295.0,62.0,77.0,65.63,60.47,,0.513556824758201,55.3708344433937,1065298481.41867,5.39,63.993,29.3540000915527,69.6259994506836,4.469,95.0,11.8,70.18317784,1.93563888015401,3.50716608687275,30.5164319248826,36.0,37.0,281.0,324.18,22.0703754556916,0.506
Senegal,SEN,53.26,136.820007324219,46.1122941879188,16.6207863709552,-100001.0,0.4,315.0,44.0,120.0,53.26,37.93,,0.635564900496795,40.6958258953758,588292997.958708,5.7,72.725,34.4930000305176,57.6510009765625,4.697,93.0,7.9,102.1986069,8.8200841617619,1.47106300006988,41.8181818181818,6.0,6.0,,368.29,80.0880590037916,0.516
Singapore,SGP,0.0,134.990005493164,0.930888575458392,0.78984485190409,135142.0,0.2,8.0,2.6,47.0,0.0,0.67,,8.75584179644938,19.0782564997534,99210311928.5986,63.1,3.53,62.1389999389648,78.9789962768555,1.16,96.0,,146.8437245,58690.3334543186,2.98418209999129,23.0,2.5,2.5,1609.0,11840.57,7915.73060648801,0.936
Solomon Islands,SLB,76.714,101.519996643066,4.18006430868167,0.714540907466953,-7998.0,,104.0,21.4,73.0,76.714,48.98,,0.550288499032335,11.8791218449166,42883975.6278544,11.86,78.003,83.9300003051758,87.9349975585938,4.434,83.0,17.6,73.1607653,61.3178623649828,,2.0,9.0,9.0,,10.5,22.7234726688103,0.564
Sierra Leone,SLE,58.364,98.9300003051758,54.7104461069548,21.9451371571072,-21000.0,1.6,1120.0,120.7,301.0,58.364,74.61,,0.125527029590569,21.6259466795766,413724476.112752,,112.828,56.6510009765625,56.8199996948242,4.359,90.0,26.2,88.46989546,1.86955150928226,1.0938168966116,12.396694214876,8.0,8.0,,42.8,103.746564145193,0.447
El Salvador,SLV,28.725,103.019996643066,71.1689189189189,30.7432432432432,-202694.0,0.5,46.0,14.3,72.0,28.725,24.99,,0.998728283051631,24.4722922946922,503801415.183001,37.24,69.459,44.7290000915527,75.0370025634766,2.059,85.0,9.1,148.3697097,61.5204088085954,1.04446941634216,32.1428571428571,16.5,16.5,4.0,31.65,308.307142857143,0.67
Serbia,SRB,44.058,90.6800003051758,39.0921564143609,29.6707066087354,20000.0,0.1,12.0,5.9,19.0,44.058,20.0,,6.7427656495243,24.7263581904237,2894615965.23761,45.43,14.706,46.2550010681152,62.1629981994629,1.49,95.0,4.0,123.1427546,5802.56715062461,1.83750752661995,34.4,5.5,5.5,171.0,4916.94,80.275074319689,0.803
South Sudan,SSD,80.654,102.809997558594,45.1514634016352,,-870998.0,2.2,1150.0,97.9,227.0,80.654,28.63,,0.139311838090177,45.5775055664158,1420000.0,0.51,62.04,72.2809982299805,75.2620010375977,4.775,47.0,,25.56130126,0.183305052418829,2.35453775832203,28.4595300261097,13.0,13.0,,6.4,17.2654105724038,0.429
Sao Tome and Principe,STP,28.032,121.870002746582,45.8333333333333,4.16666666666667,-8401.0,0.4,130.0,19.5,117.0,28.032,38.42,,0.676047635262867,28.5395843568146,34208489.0333144,27.04,94.61,37.9990005493164,71.4589996337891,4.374,95.0,11.8,84.00397897,38.6312932791208,,18.1818181818182,7.0,7.0,,0.88,215.714583333333,0.624
Suriname,SUR,33.959,103.790000915527,0.538461538461538,0.397435897435897,-4999.0,1.2,120.0,19.3,28.0,33.959,14.96,,4.38211326535799,24.7800105357684,96075554.7414537,50.97,61.655,45.3440017700195,67.0660018920898,2.443,67.0,8.4,139.5050973,201.577210206468,,25.4901960784314,66.0,66.0,,15.91,3.65705769230769,0.734
Slovak Republic,SVK,46.249,91.9599990844727,39.0806988352745,27.932612312812,7423.0,,5.0,6.0,4.8,46.249,12.43,,6.17366603061879,17.5629113438527,4225581974.33236,60.67,25.684,52.6959991455078,67.7529983520508,1.52,96.0,4.5,130.6513152,6963.66692944886,1.10608750221558,20.0,26.5,26.5,183.0,5787.12,113.128785357737,0.858
Slovenia,SVN,45.727,97.7399978637695,30.5411136105194,9.1369096389431,9999.0,0.1,7.0,2.4,6.2,45.727,19.71,,6.83317938623293,16.0239799760869,1196228604.69281,93.61,3.776,53.8040008544922,63.1629981994629,1.62,94.0,2.5,117.6641813,19594.093655209,0.981831088695765,36.6666666666667,6.0,6.0,,3448.68,102.610871929328,0.912
Sweden,SWE,12.854,100.959999084473,7.41695514473006,6.29495961307113,200000.0,,4.0,2.8,5.7,12.854,51.81,,3.8070342652491,6.18466509039924,24567738770.5318,32.0,5.076,60.9959983825684,67.6760025024414,1.78,97.0,2.5,126.3951989,13619.1203991212,1.023179204574,43.5530085959885,7.0,7.0,1992.0,20768.71,24.6929807763129,0.943
Eswatini,SWZ,76.375,99.0,71.046511627907,10.1744186046512,-41764.0,28.5,437.0,57.9,502.0,76.375,65.54,,0.791246137736294,17.1687873115117,-57647593.3929901,37.2,76.695,47.1220016479492,55.3769989013672,3.018,90.0,12.4,93.52732251,40.8958684504378,1.9582016818068,6.15384615384615,30.0,30.0,,33.12,65.3958139534884,0.605
Seychelles,SYC,43.739,92.129997253418,3.3695652173913,0.326086956521739,-1000.0,,53.0,14.7,19.0,43.739,1.25,,6.05156332033324,20.1786493605547,124465535.7046,80.45,62.05,,,2.41,97.0,,173.49665,155191.302442536,1.48452121329239,21.2121212121212,32.0,32.0,,11.71,208.354347826087,0.79
Syrian Arab Republic,SYR,46.5,107.620002746582,75.8100528236127,25.3880084953439,-2136954.0,0.1,31.0,23.5,20.0,46.5,0.85,,1.71622415903045,43.7572594654519,,,38.592,16.1310005187988,72.0699996948242,2.847,48.0,,89.99935539,13.2782168395984,,13.2,15.0,16.0,120.0,263.85,93.0984534117519,0.563
Chad,TCD,77.142,108.349998474121,39.8967598475222,4.12960609911055,10000.0,1.3,1140.0,121.1,143.0,77.142,78.27,,0.143173357781177,66.0292054967769,363381636.4,1.13,161.09,49.1199989318848,71.9290008544922,5.846,41.0,29.1,42.40996705,0.59933030831349,2.23858924746686,12.7659574468085,60.0,60.0,,16.35,11.9256361181703,0.397
Togo,TGO,58.838,103.51000213623,70.2334988049274,48.7221915793344,-9999.0,2.3,396.0,71.1,41.0,58.838,77.73,,0.26888437831628,35.7313356081261,88558699.5022234,3.98,89.091,55.7639999389648,60.4309997558594,4.384,83.0,21.2,78.84556082,4.5463543693583,1.87454228815956,17.5824175824176,6.0,6.0,,72.26,141.54212171355,0.51
Thailand,THA,50.8,101.559997558594,43.2774178394566,32.9033647164752,97222.0,1.2,37.0,9.9,156.0,50.8,22.25,,3.73964299492685,26.2567265583447,8285169819.69135,117.79,44.908,59.4039993286133,76.197998046875,1.532,99.0,7.7,175.5964942,578.285014104285,1.38995441916021,4.8,6.0,6.0,979.0,11151.54,135.46911663959,0.772
Tajikistan,TJK,73.018,139.860000610352,34.1530369623172,5.16679876071763,-99999.0,0.2,17.0,35.3,85.0,73.018,41.69,,0.829929707718243,46.1521853683313,185827080.700795,12.14,57.076,31.7959995269775,51.9099998474121,3.606,96.0,,111.5281656,20.0444355858549,1.09390601214542,19.047619047619,10.0,10.0,,60.76,63.9835002521796,0.661
Turkmenistan,TKM,48.847,96.129997253418,72.0064690485817,4.12827442385036,-25001.0,,7.0,42.9,43.0,48.847,0.06,,12.6995886956613,21.767720976212,2085944135.0,,24.418,37.6380004882813,56.4230003356934,2.836,99.0,3.7,162.8611033,4.51571791143878,,25.8064516129032,,,,7.93,12.2521801119316,0.71
Timor-Leste,TLS,69.788,93.0999984741211,25.5548083389375,10.4236718224613,-26924.0,0.1,142.0,46.8,498.0,69.788,13.21,,0.490645572370313,19.2572091668723,6715937.467148,11.99,33.785,61.6619987487793,72.7440032958984,4.093,83.0,24.0,125.2052269,12.0650547753487,0.91694336466683,32.3076923076923,13.0,13.0,,14.95,83.6086079354405,0.599
Tonga,TON,76.831,95.5,48.6111111111111,27.7777777777778,-3999.0,,52.0,12.1,12.0,76.831,1.96,,1.76467135107701,10.7854788558585,-5613753.35828908,42.75,14.662,38.3279991149902,56.5260009765625,3.595,99.0,,105.8236436,205.878316111449,,7.69230769230769,16.0,16.0,,4.72,141.669444444444,0.723
Trinidad and Tobago,TTO,46.795,105.879997253418,10.5263157894737,4.87329434697856,-3999.0,0.9,67.0,18.3,17.0,46.795,0.42,,13.1858445443117,24.1085684320503,-470882577.73977,42.55,30.09,49.2919998168945,69.4189987182617,1.739,89.0,6.8,146.7160721,290.449835989769,0.88503952327773,30.952380952381,10.5,10.5,,212.07,269.797270955166,0.795
Tunisia,TUN,31.358,94.4700012207031,62.7124098867147,16.7803810504634,-20000.0,0.1,43.0,17.1,34.0,31.358,11.82,,2.62038409483418,37.6559937453942,810936482.841998,29.99,7.841,26.5240001678467,68.3580017089844,2.219,92.0,2.5,125.3697596,214.28375262104,2.14430210709986,31.3364055299539,13.0,13.0,172.0,5877.04,73.5931900102987,0.738
Turkiye,TUR,25.356,107.139999389648,49.3262996504814,25.9839143484532,1419610.0,,17.0,11.4,17.0,25.356,11.4,,5.12719662619959,44.3115256776956,11190000000.0,81.94,26.559,33.7350006103516,72.8830032348633,2.081,96.0,2.5,95.91170472,3351.26841286486,2.05006581752215,14.5719489981785,10.0,10.0,8175.0,33836.33,105.396685420267,0.817
Tanzania,TZA,66.947,96.9700012207031,44.7617972454279,15.240460600587,-200381.0,5.0,524.0,54.1,269.0,66.947,84.92,,0.216427465353651,29.0766405124356,937700000.0,,118.385,80.1060028076172,87.7969970703125,4.953,90.0,24.1,73.09478999,22.7038449903673,1.05579628235399,37.1794871794872,29.0,29.0,,610.37,61.7073210657033,0.524
Uganda,UGA,76.804,97.7900009155273,71.8880909634949,34.4105326152005,843469.0,6.0,375.0,49.9,201.0,76.804,90.76,,0.125587286376368,50.4943213226178,802704141.008568,4.2,118.836,66.2300033569336,73.6330032348633,5.095,94.0,,60.60467775,20.4048972919495,1.09607893181569,34.2984409799555,24.0,24.0,25.0,637.56,205.299162178336,0.538
Ukraine,UKR,30.754,100.050003051758,71.6191955808735,56.5751769376834,50001.0,0.9,19.0,8.9,84.0,30.754,6.48,,3.90219882769879,20.3097758188675,3680000000.0,97.83,23.711,49.8330001831055,64.1129989624023,1.374,50.0,2.5,131.3565115,3948.26051136113,2.88440151897159,12.2931442080378,6.5,6.5,2283.0,8977.67,77.388460210599,0.774
Uruguay,URY,4.76000000000001,104.75,80.2451148440178,11.4586904353788,-15000.0,0.4,17.0,7.8,31.0,4.76000000000001,60.82,,1.77498691445656,9.27488332030728,2686509353.42749,84.92,58.727,56.0950012207031,72.9619979858398,1.983,93.0,2.5,148.3299827,1103.69270029345,1.95692291601638,20.2020202020202,6.5,6.5,23.0,788.62,19.6357273454462,0.816
United States,USA,17.942,101.949996948242,44.363367353855,17.2438567377468,4774029.0,0.4,19.0,6.6,3.1,17.942,9.92,,14.8232608676439,7.40944166188307,380823000000.0,,19.86,56.1839981079102,67.9020004272461,1.7655,94.0,2.5,123.0448345,30338.0334666117,3.31338129427849,19.3548387096774,5.6,5.6,293904.0,432216.49,35.5424948236771,0.925
Uzbekistan,UZB,49.45,100.839996337891,58.0639011137414,9.2499324764462,-44314.0,0.2,29.0,16.8,73.0,49.45,1.75,,3.38174539125794,28.455901201856,1798299474.68216,24.33,23.79,47.2050018310547,72.7210006713867,2.419,99.0,2.5,75.92497884,202.169899285551,,16.0,5.0,5.0,357.0,338.75,73.5123823444632,0.717
St. Vincent and the Grenadines,VCT,48.216,100.930000305176,17.9487179487179,5.12820512820513,-1000.0,,68.0,15.6,2.1,48.216,5.29,,2.09422180697034,22.2005163158424,163275187.56616,35.45,49.02,54.0839996337891,74.9150009155273,1.911,99.0,5.5,105.4786164,163.895616702784,,13.0434782608696,10.0,10.0,,3.71,281.605128205128,0.736
"Venezuela, RB",VEN,11.817,89.0899963378906,24.3750354288306,2.94767870302137,-3266243.0,0.6,125.0,24.2,45.0,11.817,14.31,,4.78939216434189,17.0085535697031,-68000000.0,,85.337,45.4780006408691,74.2210006713867,2.294,66.0,22.2,83.30482214,293.376613129233,2.23333219917076,22.1556886227545,230.0,230.0,96.0,840.01,33.3342554276968,0.733
Vietnam,VNM,64.787,101.680000305176,39.2453316992937,22.5378140419905,-399999.0,0.4,43.0,21.4,188.0,64.787,25.02,,2.43602992157508,29.6267283386303,14100000000.0,24.13,30.929,71.4100036621094,81.0260009765625,2.042,94.0,7.2,126.8661299,1348.65890922116,2.26796977611754,26.7206477732794,22.0,22.0,592.0,3343.23,305.094472215951,0.7
Vanuatu,VUT,74.837,98.9700012207031,15.3404429860541,1.64068908941756,600.0,,72.0,26.9,51.0,74.837,36.13,,0.595448676836483,11.6527770296143,38222690.1627779,49.27,49.437,60.4119987487793,78.245002746582,3.82,85.0,9.6,79.86270183,178.634601171983,,0.0,18.0,18.0,,10.46,23.4207547169811,0.603
Samoa,WSM,81.548,102.620002746582,26.7491166077739,11.4840989399293,-14013.0,,43.0,18.1,18.0,81.548,35.79,,1.58683034421005,11.5480270054414,9215371.78697386,51.64,23.886,31.2719993591309,54.6269989013672,3.926,74.0,4.7,63.58317294,296.890836310773,,10.0,9.0,9.0,,10.22,69.0310954063604,0.709
"Yemen, Rep.",YEM,63.984,91.2200012207031,44.297403261549,2.07909540314791,-150000.0,0.1,164.0,60.2,48.0,63.984,2.8,,0.359621634538198,50.4560068932715,-269850000.0,,60.352,6.09499979019165,67.7259979248047,3.89,68.0,46.6,55.17502377,3.37706622114301,,0.0,40.0,41.0,15.0,126.37,52.7204405553346,0.468
South Africa,ZAF,34.15,105.449996948242,79.4178502831612,9.89209374407505,727026.0,19.4,119.0,34.6,738.0,34.15,10.45,,7.64167508636345,25.1022049863671,2058579911.05235,67.74,67.908,48.4640007019043,62.5880012512207,2.43,84.0,5.5,155.2323957,9429.15888196039,1.03006055246802,41.8367346938776,45.0,45.0,728.0,12846.08,46.9954834348647,0.707
Zambia,ZMB,57.024,124.970001220703,32.0639233780384,5.11171794078478,-40000.0,11.5,213.0,64.6,361.0,57.024,81.89,,0.404067778411575,27.438034758712,1107519804.84533,11.59,120.112,69.6809997558594,79.1019973754883,4.718,94.0,,79.73690961,42.3648158898676,1.30959610535596,17.9640718562874,8.5,8.5,12.0,209.45,22.671286942251,0.582
Zimbabwe,ZWE,67.763,111.699996948242,41.8766963939511,10.3399250355435,-584288.0,13.2,458.0,57.0,221.0,67.763,82.46,,0.726297070851536,22.2516710932407,307187738.788,6.89,86.135,80.2850036621094,89.6080017089844,3.707,89.0,,98.98507333,30.5550504021361,1.54494805135883,32.5757575757576,61.0,61.0,,340.45,36.8013416052734,0.569
